﻿<?xml version="1.0" encoding="utf-8"?>
<abapGit version="v1.0.0" serializer="LCL_OBJECT_SPRX" serializer_version="v1.0.0">
 <asx:abap xmlns:asx="http://www.sap.com/abapxml" version="1.0">
  <asx:values>
   <PROXY_HEADER>
    <item>
     <OBJECT>CLAS</OBJECT>
     <OBJ_NAME>ZBCU_CO_ULTIMO_CIERRE</OBJ_NAME>
     <OBJECT_M>CLAS</OBJECT_M>
     <OBJ_NAME_M>ZBCU_CO_ULTIMO_CIERRE</OBJ_NAME_M>
     <HASH_ID>C7FCA673E6BFEA5A751DF69BEFA271ED026557B3</HASH_ID>
     <ID>&lt;portType&gt; wsultimocierreSoapPort Cotiza Cotiza</ID>
     <IFR_GLOBAL>X</IFR_GLOBAL>
     <IFR_TYPE>portType</IFR_TYPE>
     <IFR_NAME>wsultimocierreSoapPort</IFR_NAME>
     <IFR_NSPCE>Cotiza</IFR_NSPCE>
     <IFR_GNSPCE>Cotiza</IFR_GNSPCE>
     <GEN_VERS>0006</GEN_VERS>
     <PREFIX>ZBCU_</PREFIX>
     <CATEGORY>ifmmessif</CATEGORY>
     <DIRECTION>O</DIRECTION>
     <GEN_APPL>WEBSERVICES</GEN_APPL>
     <X-ML_NSPCE>Cotiza</X-ML_NSPCE>
     <X-ML_NAME>wsultimocierreSoapPort</X-ML_NAME>
     <FURTHER_DATA>﻿&lt;asx:abap xmlns:asx=&quot;http://www.sap.com/abapxml&quot; version=&quot;1.0&quot;&gt;&lt;asx:values&gt;&lt;DATA&gt;&lt;SOAP_APPL&gt;urn:sap-com:soap:application:esr:client:710&lt;/SOAP_APPL&gt;&lt;/DATA&gt;&lt;/asx:values&gt;&lt;/asx:abap&gt;</FURTHER_DATA>
    </item>
   </PROXY_HEADER>
   <PROXY_DATA>
    <item>
     <OBJECT>CLAS</OBJECT>
     <OBJ_NAME>ZBCU_CO_ULTIMO_CIERRE</OBJ_NAME>
     <OBJECT1>CLAS</OBJECT1>
     <OBJ_NAME1>ZBCU_CO_ULTIMO_CIERRE</OBJ_NAME1>
     <OBJECT2>CLAS</OBJECT2>
     <OBJ_NAME2>ZBCU_CO_ULTIMO_CIERRE</OBJ_NAME2>
     <ID>&lt;portType&gt; wsultimocierreSoapPort Cotiza Cotiza</ID>
     <IFR_TYPE>portType</IFR_TYPE>
     <IFR_NAME>wsultimocierreSoapPort</IFR_NAME>
     <IFR_SCALE>-2</IFR_SCALE>
     <R3_TYPE>CLAS</R3_TYPE>
     <R3_NAME>ZBCU_CO_ULTIMO_CIERRE</R3_NAME>
     <R3_TEXT>Proxy Class Servicio Ultimo Cierre BCU</R3_TEXT>
     <CATEGORY>ifmmessif</CATEGORY>
     <DIRECTION>O</DIRECTION>
    </item>
    <item>
     <OBJECT>CLAS</OBJECT>
     <OBJ_NAME>ZBCU_CO_ULTIMO_CIERRE</OBJ_NAME>
     <OBJECT1>METH</OBJECT1>
     <OBJ_NAME1>EXECUTE</OBJ_NAME1>
     <OBJECT2>METH</OBJECT2>
     <OBJ_NAME2>EXECUTE</OBJ_NAME2>
     <ID>&lt;operation&gt; Execute &lt;portType&gt; wsultimocierreSoapPort Cotiza Cotiza</ID>
     <IFR_TYPE>operation</IFR_TYPE>
     <IFR_NAME>Execute</IFR_NAME>
     <IFR_SCALE>-2</IFR_SCALE>
     <R3_TYPE>METH</R3_TYPE>
     <R3_NAME>EXECUTE</R3_NAME>
     <R3_SEQNUM>000001</R3_SEQNUM>
     <DIRECTION>O</DIRECTION>
     <SYNCHRON>X</SYNCHRON>
    </item>
    <item>
     <OBJECT>CLAS</OBJECT>
     <OBJ_NAME>ZBCU_CO_ULTIMO_CIERRE</OBJ_NAME>
     <OBJECT1>METH</OBJECT1>
     <OBJ_NAME1>EXECUTE</OBJ_NAME1>
     <OBJECT2>PAEX</OBJECT2>
     <OBJ_NAME2>OUTPUT</OBJ_NAME2>
     <OBJECT_R>TABL</OBJECT_R>
     <OBJ_NAME_R>ZBCU_WSULTIMOCIERRE_EXECUTE_SO</OBJ_NAME_R>
     <ID>&lt;output&gt; output &lt;operation&gt; Execute &lt;portType&gt; wsultimocierreSoapPort Cotiza Cotiza</ID>
     <IFR_TYPE>PartInput</IFR_TYPE>
     <IFR_NAME>output</IFR_NAME>
     <IFR_SCALE>-2</IFR_SCALE>
     <R3_TYPE>PAEX</R3_TYPE>
     <R3_NAME>OUTPUT</R3_NAME>
     <R3_SEQNUM>000002</R3_SEQNUM>
    </item>
    <item>
     <OBJECT>CLAS</OBJECT>
     <OBJ_NAME>ZBCU_CO_ULTIMO_CIERRE</OBJ_NAME>
     <OBJECT1>METH</OBJECT1>
     <OBJ_NAME1>EXECUTE</OBJ_NAME1>
     <OBJECT2>PAIM</OBJECT2>
     <OBJ_NAME2>INPUT</OBJ_NAME2>
     <OBJECT_R>TABL</OBJECT_R>
     <OBJ_NAME_R>ZBCU_WSULTIMOCIERRE_EXECUTE_S1</OBJ_NAME_R>
     <ID>&lt;input&gt; input &lt;operation&gt; Execute &lt;portType&gt; wsultimocierreSoapPort Cotiza Cotiza</ID>
     <IFR_TYPE>PartOutput</IFR_TYPE>
     <IFR_NAME>input</IFR_NAME>
     <IFR_SCALE>-2</IFR_SCALE>
     <R3_TYPE>PAIM</R3_TYPE>
     <R3_NAME>INPUT</R3_NAME>
     <R3_SEQNUM>000001</R3_SEQNUM>
    </item>
   </PROXY_DATA>
  </asx:values>
 </asx:abap>
</abapGit>
