﻿<?xml version="1.0" encoding="utf-8"?>
<abapGit version="v1.0.0" serializer="LCL_OBJECT_SPRX" serializer_version="v1.0.0">
 <asx:abap xmlns:asx="http://www.sap.com/abapxml" version="1.0">
  <asx:values>
   <PROXY_HEADER>
    <item>
     <OBJECT>TABL</OBJECT>
     <OBJ_NAME>ZWSMONEDASIN</OBJ_NAME>
     <OBJECT_M>TABL</OBJECT_M>
     <OBJ_NAME_M>ZWSMONEDASIN</OBJ_NAME_M>
     <HASH_ID>FEEC15FFEAAE81F93B894F8DEF3043A63BAE61CA</HASH_ID>
     <ID>&lt;type&gt; wsmonedasin Cotiza Cotiza</ID>
     <IFR_GLOBAL>X</IFR_GLOBAL>
     <IFR_TYPE>type</IFR_TYPE>
     <IFR_NAME>wsmonedasin</IFR_NAME>
     <IFR_NSPCE>Cotiza</IFR_NSPCE>
     <IFR_GNSPCE>Cotiza</IFR_GNSPCE>
     <GEN_VERS>0005</GEN_VERS>
     <CATEGORY>ifmtypedef</CATEGORY>
     <GEN_APPL>WEBSERVICES</GEN_APPL>
     <X-ML_NSPCE>Cotiza</X-ML_NSPCE>
     <X-ML_NAME>wsmonedasin</X-ML_NAME>
    </item>
   </PROXY_HEADER>
   <PROXY_DATA>
    <item>
     <OBJECT>TABL</OBJECT>
     <OBJ_NAME>ZWSMONEDASIN</OBJ_NAME>
     <OBJECT1>FIEL</OBJECT1>
     <OBJ_NAME1>GRUPO</OBJ_NAME1>
     <OBJECT2>FIEL</OBJECT2>
     <OBJ_NAME2>GRUPO</OBJ_NAME2>
     <ID>&lt;element&gt; {Cotiza}Grupo &lt;type&gt; wsmonedasin Cotiza Cotiza</ID>
     <IFR_TYPE>element</IFR_TYPE>
     <IFR_NAME>Grupo</IFR_NAME>
     <IFR_TAGTYP>E</IFR_TAGTYP>
     <IFR_MINOCC>1</IFR_MINOCC>
     <IFR_MAXOCC>1</IFR_MAXOCC>
     <IFR_QUALIF>X</IFR_QUALIF>
     <IFR_XSDTYP>byte</IFR_XSDTYP>
     <IFR_SCALE>-2</IFR_SCALE>
     <R3_TYPE>FIEL</R3_TYPE>
     <R3_NAME>GRUPO</R3_NAME>
     <R3_DATATYP>INT2</R3_DATATYP>
     <R3_SEQNUM>000001</R3_SEQNUM>
    </item>
    <item>
     <OBJECT>TABL</OBJECT>
     <OBJ_NAME>ZWSMONEDASIN</OBJ_NAME>
     <OBJECT1>TABL</OBJECT1>
     <OBJ_NAME1>ZWSMONEDASIN</OBJ_NAME1>
     <OBJECT2>TABL</OBJECT2>
     <OBJ_NAME2>ZWSMONEDASIN</OBJ_NAME2>
     <ID>&lt;type&gt; wsmonedasin Cotiza Cotiza</ID>
     <IFR_TYPE>type</IFR_TYPE>
     <IFR_NAME>wsmonedasin</IFR_NAME>
     <IFR_SCALE>-2</IFR_SCALE>
     <R3_TYPE>TABL</R3_TYPE>
     <R3_NAME>ZWSMONEDASIN</R3_NAME>
     <R3_TEXT>Proxy Structure (generated)</R3_TEXT>
     <CATEGORY>ifmtypedef</CATEGORY>
    </item>
   </PROXY_DATA>
  </asx:values>
 </asx:abap>
</abapGit>
