﻿<?xml version="1.0" encoding="utf-8"?>
<abapGit version="v1.0.0" serializer="LCL_OBJECT_SPRX" serializer_version="v1.0.0">
 <asx:abap xmlns:asx="http://www.sap.com/abapxml" version="1.0">
  <asx:values>
   <PROXY_HEADER>
    <item>
     <OBJECT>TABL</OBJECT>
     <OBJ_NAME>ZWSBCUMONEDAS_EXECUTE_SOAP_OUT</OBJ_NAME>
     <OBJECT_M>TABL</OBJECT_M>
     <OBJ_NAME_M>ZWSBCUMONEDAS_EXECUTE_SOAP_OUT</OBJ_NAME_M>
     <HASH_ID>007F768FF35B2EFFD6AA855EE8F5992EF59EC386</HASH_ID>
     <ID>&lt;message&gt; wsbcumonedas.ExecuteSoapOut Cotiza Cotiza</ID>
     <IFR_GLOBAL>X</IFR_GLOBAL>
     <IFR_TYPE>message</IFR_TYPE>
     <IFR_NAME>wsbcumonedas.ExecuteSoapOut</IFR_NAME>
     <IFR_NSPCE>Cotiza</IFR_NSPCE>
     <IFR_GNSPCE>Cotiza</IFR_GNSPCE>
     <GEN_VERS>0006</GEN_VERS>
     <CATEGORY>ifmmessage</CATEGORY>
     <GEN_APPL>WEBSERVICES</GEN_APPL>
     <X-ML_NSPCE>Cotiza</X-ML_NSPCE>
     <X-ML_NAME>wsbcumonedas.ExecuteResponse</X-ML_NAME>
    </item>
   </PROXY_HEADER>
   <PROXY_DATA>
    <item>
     <OBJECT>TABL</OBJECT>
     <OBJ_NAME>ZWSBCUMONEDAS_EXECUTE_SOAP_OUT</OBJ_NAME>
     <OBJECT1>FIEL</OBJECT1>
     <OBJ_NAME1>SALIDA</OBJ_NAME1>
     <OBJECT2>FIEL</OBJECT2>
     <OBJ_NAME2>SALIDA</OBJ_NAME2>
     <OBJECT_R>TABL</OBJECT_R>
     <OBJ_NAME_R>ZWSMONEDASOUT</OBJ_NAME_R>
     <ID>&lt;element&gt; {Cotiza}Salida &lt;message&gt; wsbcumonedas.ExecuteSoapOut Cotiza Cotiza</ID>
     <IFR_TYPE>element</IFR_TYPE>
     <IFR_NAME>Salida</IFR_NAME>
     <IFR_TAGTYP>E</IFR_TAGTYP>
     <IFR_MINOCC>1</IFR_MINOCC>
     <IFR_MAXOCC>1</IFR_MAXOCC>
     <IFR_QUALIF>X</IFR_QUALIF>
     <IFR_SCALE>-2</IFR_SCALE>
     <R3_TYPE>FIEL</R3_TYPE>
     <R3_NAME>SALIDA</R3_NAME>
     <R3_SEQNUM>000001</R3_SEQNUM>
    </item>
    <item>
     <OBJECT>TABL</OBJECT>
     <OBJ_NAME>ZWSBCUMONEDAS_EXECUTE_SOAP_OUT</OBJ_NAME>
     <OBJECT1>TABL</OBJECT1>
     <OBJ_NAME1>ZWSBCUMONEDAS_EXECUTE_SOAP_OUT</OBJ_NAME1>
     <OBJECT2>TABL</OBJECT2>
     <OBJ_NAME2>ZWSBCUMONEDAS_EXECUTE_SOAP_OUT</OBJ_NAME2>
     <ID>&lt;message&gt; wsbcumonedas.ExecuteSoapOut Cotiza Cotiza</ID>
     <IFR_TYPE>message</IFR_TYPE>
     <IFR_NAME>wsbcumonedas.ExecuteSoapOut</IFR_NAME>
     <IFR_SCALE>-2</IFR_SCALE>
     <R3_TYPE>TABL</R3_TYPE>
     <R3_NAME>ZWSBCUMONEDAS_EXECUTE_SOAP_OUT</R3_NAME>
     <R3_TEXT>Proxy Structure (generated)</R3_TEXT>
     <CATEGORY>ifmmessage</CATEGORY>
    </item>
   </PROXY_DATA>
  </asx:values>
 </asx:abap>
</abapGit>
