﻿<?xml version="1.0" encoding="utf-8"?>
<abapGit version="v1.0.0" serializer="LCL_OBJECT_SPRX" serializer_version="v1.0.0">
 <asx:abap xmlns:asx="http://www.sap.com/abapxml" version="1.0">
  <asx:values>
   <PROXY_HEADER>
    <item>
     <OBJECT>TABL</OBJECT>
     <OBJ_NAME>ZBCU_WSULTIMOCIERRE_EXECUTE_S1</OBJ_NAME>
     <OBJECT_M>TABL</OBJECT_M>
     <OBJ_NAME_M>ZBCU_WSULTIMOCIERRE_EXECUTE_S1</OBJ_NAME_M>
     <HASH_ID>9F68D27645D4545013C2360D58BA06FB9B9AC13E</HASH_ID>
     <ID>&lt;message&gt; wsultimocierre.ExecuteSoapIn Cotiza Cotiza</ID>
     <IFR_GLOBAL>X</IFR_GLOBAL>
     <IFR_TYPE>message</IFR_TYPE>
     <IFR_NAME>wsultimocierre.ExecuteSoapIn</IFR_NAME>
     <IFR_NSPCE>Cotiza</IFR_NSPCE>
     <IFR_GNSPCE>Cotiza</IFR_GNSPCE>
     <GEN_VERS>0006</GEN_VERS>
     <PREFIX>ZBCU_</PREFIX>
     <CATEGORY>ifmmessage</CATEGORY>
     <GEN_APPL>WEBSERVICES</GEN_APPL>
     <X-ML_NSPCE>Cotiza</X-ML_NSPCE>
     <X-ML_NAME>wsultimocierre.Execute</X-ML_NAME>
    </item>
   </PROXY_HEADER>
   <PROXY_DATA>
    <item>
     <OBJECT>TABL</OBJECT>
     <OBJ_NAME>ZBCU_WSULTIMOCIERRE_EXECUTE_S1</OBJ_NAME>
     <OBJECT1>TABL</OBJECT1>
     <OBJ_NAME1>ZBCU_WSULTIMOCIERRE_EXECUTE_S1</OBJ_NAME1>
     <OBJECT2>TABL</OBJECT2>
     <OBJ_NAME2>ZBCU_WSULTIMOCIERRE_EXECUTE_S1</OBJ_NAME2>
     <ID>&lt;message&gt; wsultimocierre.ExecuteSoapIn Cotiza Cotiza</ID>
     <IFR_TYPE>message</IFR_TYPE>
     <IFR_NAME>wsultimocierre.ExecuteSoapIn</IFR_NAME>
     <IFR_SCALE>-2</IFR_SCALE>
     <R3_TYPE>TABL</R3_TYPE>
     <R3_NAME>ZBCU_WSULTIMOCIERRE_EXECUTE_S1</R3_NAME>
     <R3_TEXT>Proxy Structure (generated)</R3_TEXT>
     <CATEGORY>ifmmessage</CATEGORY>
    </item>
   </PROXY_DATA>
  </asx:values>
 </asx:abap>
</abapGit>
