﻿<?xml version="1.0" encoding="utf-8"?>
<abapGit version="v1.0.0" serializer="LCL_OBJECT_SPRX" serializer_version="v1.0.0">
 <asx:abap xmlns:asx="http://www.sap.com/abapxml" version="1.0">
  <asx:values>
   <PROXY_HEADER>
    <item>
     <OBJECT>TTYP</OBJECT>
     <OBJ_NAME>ZDATOSCOTIZACIONES_DATO_TAB</OBJ_NAME>
     <OBJECT_M>TTYP</OBJECT_M>
     <OBJ_NAME_M>ZDATOSCOTIZACIONES_DATO_TAB</OBJ_NAME_M>
     <HASH_ID>0F5D2C9375486B4B46C6E9D7AA6B12E15DE0F960</HASH_ID>
     <ID>TableOf&lt;type&gt; datoscotizaciones.dato Cotiza Cotiza</ID>
     <IFR_GLOBAL>X</IFR_GLOBAL>
     <IFR_TYPE>TableOftype</IFR_TYPE>
     <IFR_NAME>datoscotizaciones.dato</IFR_NAME>
     <IFR_NSPCE>Cotiza</IFR_NSPCE>
     <IFR_GNSPCE>Cotiza</IFR_GNSPCE>
     <GEN_VERS>0005</GEN_VERS>
     <CATEGORY>ifmtypedef</CATEGORY>
     <GEN_APPL>WEBSERVICES</GEN_APPL>
    </item>
   </PROXY_HEADER>
   <PROXY_DATA>
    <item>
     <OBJECT>TTYP</OBJECT>
     <OBJ_NAME>ZDATOSCOTIZACIONES_DATO_TAB</OBJ_NAME>
     <OBJECT1>TTYP</OBJECT1>
     <OBJ_NAME1>ZDATOSCOTIZACIONES_DATO_TAB</OBJ_NAME1>
     <OBJECT2>TTYP</OBJECT2>
     <OBJ_NAME2>ZDATOSCOTIZACIONES_DATO_TAB</OBJ_NAME2>
     <OBJECT_R>TABL</OBJECT_R>
     <OBJ_NAME_R>ZDATOSCOTIZACIONES_DATO</OBJ_NAME_R>
     <ID>TableOf&lt;type&gt; datoscotizaciones.dato Cotiza Cotiza</ID>
     <IFR_TYPE>TableOftype</IFR_TYPE>
     <IFR_NAME>datoscotizaciones.dato</IFR_NAME>
     <IFR_SCALE>-2</IFR_SCALE>
     <R3_TYPE>TTYP</R3_TYPE>
     <R3_NAME>ZDATOSCOTIZACIONES_DATO_TAB</R3_NAME>
     <R3_TEXT>Proxy Table Type (generated)</R3_TEXT>
     <CATEGORY>ifmtypedef</CATEGORY>
    </item>
   </PROXY_DATA>
  </asx:values>
 </asx:abap>
</abapGit>
