﻿<?xml version="1.0" encoding="utf-8"?>
<abapGit version="v1.0.0" serializer="LCL_OBJECT_SPRX" serializer_version="v1.0.0">
 <asx:abap xmlns:asx="http://www.sap.com/abapxml" version="1.0">
  <asx:values>
   <PROXY_HEADER>
    <item>
     <OBJECT>TTYP</OBJECT>
     <OBJ_NAME>ZSHORT_TAB</OBJ_NAME>
     <OBJECT_M>TTYP</OBJECT_M>
     <OBJ_NAME_M>ZSHORT_TAB</OBJ_NAME_M>
     <HASH_ID>457CF2832CAFFE2AF67D18FC5B1EF3C731EF7B2B</HASH_ID>
     <ID>TableOf&lt;type&gt; short http://www.w3.org/2001/XMLSchema Cotiza</ID>
     <IFR_GLOBAL>X</IFR_GLOBAL>
     <IFR_TYPE>TableOftype</IFR_TYPE>
     <IFR_NAME>short</IFR_NAME>
     <IFR_NSPCE>http://www.w3.org/2001/XMLSchema</IFR_NSPCE>
     <IFR_GNSPCE>Cotiza</IFR_GNSPCE>
     <GEN_VERS>0005</GEN_VERS>
     <CATEGORY>ifmtypedef</CATEGORY>
     <GEN_APPL>WEBSERVICES</GEN_APPL>
    </item>
   </PROXY_HEADER>
   <PROXY_DATA>
    <item>
     <OBJECT>TTYP</OBJECT>
     <OBJ_NAME>ZSHORT_TAB</OBJ_NAME>
     <OBJECT1>TTYP</OBJECT1>
     <OBJ_NAME1>ZSHORT_TAB</OBJ_NAME1>
     <OBJECT2>TTYP</OBJECT2>
     <OBJ_NAME2>ZSHORT_TAB</OBJ_NAME2>
     <ID>TableOf&lt;type&gt; short http://www.w3.org/2001/XMLSchema Cotiza</ID>
     <IFR_TYPE>TableOftype</IFR_TYPE>
     <IFR_NAME>short</IFR_NAME>
     <IFR_XSDTYP>short</IFR_XSDTYP>
     <IFR_SCALE>-2</IFR_SCALE>
     <R3_TYPE>TTYP</R3_TYPE>
     <R3_NAME>ZSHORT_TAB</R3_NAME>
     <R3_TEXT>Proxy Table Type (generated)</R3_TEXT>
     <R3_DATATYP>INT2</R3_DATATYP>
     <CATEGORY>ifmtypedef</CATEGORY>
    </item>
   </PROXY_DATA>
  </asx:values>
 </asx:abap>
</abapGit>
