﻿<?xml version="1.0" encoding="utf-8"?>
<abapGit version="v1.0.0" serializer="LCL_OBJECT_SPRX" serializer_version="v1.0.0">
 <asx:abap xmlns:asx="http://www.sap.com/abapxml" version="1.0">
  <asx:values>
   <PROXY_HEADER>
    <item>
     <OBJECT>TTYP</OBJECT>
     <OBJ_NAME>ZSTRING_TAB</OBJ_NAME>
     <OBJECT_M>TTYP</OBJECT_M>
     <OBJ_NAME_M>ZSTRING_TAB</OBJ_NAME_M>
     <HASH_ID>74A7AB086CED443F2DAF0F6FF45015A2CFD05817</HASH_ID>
     <ID>TableOf&lt;type&gt; string http://www.w3.org/2001/XMLSchema http://sap.com/xi/ecc/epm/demo</ID>
     <IFR_GLOBAL>X</IFR_GLOBAL>
     <IFR_TYPE>TableOftype</IFR_TYPE>
     <IFR_NAME>string</IFR_NAME>
     <IFR_NSPCE>http://www.w3.org/2001/XMLSchema</IFR_NSPCE>
     <IFR_GNSPCE>http://sap.com/xi/ecc/epm/demo</IFR_GNSPCE>
     <GEN_VERS>0005</GEN_VERS>
     <PREFIX>Z</PREFIX>
     <CATEGORY>ifmtypedef</CATEGORY>
    </item>
   </PROXY_HEADER>
   <PROXY_DATA>
    <item>
     <OBJECT>TTYP</OBJECT>
     <OBJ_NAME>ZSTRING_TAB</OBJ_NAME>
     <OBJECT1>TTYP</OBJECT1>
     <OBJ_NAME1>ZSTRING_TAB</OBJ_NAME1>
     <OBJECT2>TTYP</OBJECT2>
     <OBJ_NAME2>ZSTRING_TAB</OBJ_NAME2>
     <ID>TableOf&lt;type&gt; string http://www.w3.org/2001/XMLSchema http://sap.com/xi/ecc/epm/demo</ID>
     <IFR_TYPE>TableOftype</IFR_TYPE>
     <IFR_NAME>string</IFR_NAME>
     <IFR_XSDTYP>string</IFR_XSDTYP>
     <R3_TYPE>TTYP</R3_TYPE>
     <R3_NAME>ZSTRING_TAB</R3_NAME>
     <R3_TEXT>Proxy Table Type (generated)</R3_TEXT>
     <R3_DATATYP>STRG</R3_DATATYP>
     <CATEGORY>ifmtypedef</CATEGORY>
    </item>
   </PROXY_DATA>
  </asx:values>
 </asx:abap>
</abapGit>
