﻿<?xml version="1.0" encoding="utf-8"?>
<abapGit version="v1.0.0" serializer="LCL_OBJECT_SHLP" serializer_version="v1.0.0">
 <asx:abap xmlns:asx="http://www.sap.com/abapxml" version="1.0">
  <asx:values>
   <DD30V>
    <SHLPNAME>ZAB_BCU_COD_MON</SHLPNAME>
    <DDLANGUAGE>S</DDLANGUAGE>
    <DDTEXT>Ayuda de búsquda Moneda</DDTEXT>
    <ISSIMPLE>X</ISSIMPLE>
    <SELMETHOD>ZBCU_MONEDAS</SELMETHOD>
    <SELMTYPE>T</SELMTYPE>
    <DIALOGTYPE>D</DIALOGTYPE>
   </DD30V>
   <DD32P_TABLE>
    <DD32P>
     <SHLPNAME>ZAB_BCU_COD_MON</SHLPNAME>
     <FIELDNAME>CODIGO</FIELDNAME>
     <FLPOSITION>0001</FLPOSITION>
     <ROLLNAME>ZED_BCU_COD_MON</ROLLNAME>
     <SHLPINPUT>X</SHLPINPUT>
     <SHLPOUTPUT>X</SHLPOUTPUT>
     <SHLPSELPOS>01</SHLPSELPOS>
     <SHLPLISPOS>01</SHLPLISPOS>
     <ROLLCHANGE>X</ROLLCHANGE>
     <SCRLEN3>13</SCRLEN3>
    </DD32P>
    <DD32P>
     <SHLPNAME>ZAB_BCU_COD_MON</SHLPNAME>
     <FIELDNAME>NOMBRE</FIELDNAME>
     <FLPOSITION>0002</FLPOSITION>
     <ROLLNAME>ZED_BCU_NOM_MON</ROLLNAME>
     <SHLPOUTPUT>X</SHLPOUTPUT>
     <SHLPSELPOS>02</SHLPSELPOS>
     <SHLPLISPOS>02</SHLPLISPOS>
     <ROLLCHANGE>X</ROLLCHANGE>
     <SCRLEN3>13</SCRLEN3>
    </DD32P>
   </DD32P_TABLE>
  </asx:values>
 </asx:abap>
</abapGit>
