﻿<?xml version="1.0" encoding="utf-8"?>
<abapGit version="v1.0.0" serializer="LCL_OBJECT_MSAG" serializer_version="v1.0.0">
 <asx:abap xmlns:asx="http://www.sap.com/abapxml" version="1.0">
  <asx:values>
   <T100A>
    <ARBGB>ZBCU</ARBGB>
    <MASTERLANG>S</MASTERLANG>
    <STEXT>Clase de mensajes BCU</STEXT>
   </T100A>
   <T100>
    <T100>
     <SPRSL>S</SPRSL>
     <ARBGB>ZBCU</ARBGB>
     <MSGNR>000</MSGNR>
     <TEXT>&amp; &amp; &amp; &amp;</TEXT>
    </T100>
   </T100>
  </asx:values>
 </asx:abap>
</abapGit>
