﻿<?xml version="1.0" encoding="utf-8"?>
<abapGit version="v1.0.0" serializer="LCL_OBJECT_SHI3" serializer_version="v1.0.0">
 <asx:abap xmlns:asx="http://www.sap.com/abapxml" version="1.0">
  <asx:values>
   <TREE_HEAD>
    <ID>ZBCU</ID>
    <TYPE>BMENU</TYPE>
    <NODE_ID>ZBCU_T</NODE_ID>
    <MASTERLANG>S</MASTERLANG>
    <BUFFERMODE>1</BUFFERMODE>
    <BUFFERVAR>NRT</BUFFERVAR>
   </TREE_HEAD>
   <TREE_TITLES>
    <TTREET>
     <SPRAS>S</SPRAS>
     <ID>ZBCU</ID>
     <TEXT>Menú BCU para Cotización</TEXT>
     <TEXT_CAP>MENÚ BCU PARA COTIZACIÓN</TEXT_CAP>
    </TTREET>
   </TREE_TITLES>
   <TREE_NODES>
    <HIER_IFACE>
     <NODE_ID>ZBCU_T</NODE_ID>
     <NODE_TYPE>NULL</NODE_TYPE>
     <NODE_LEVEL>01</NODE_LEVEL>
     <TREE_ID>ZBCU</TREE_ID>
     <FORCE_PLUS>X</FORCE_PLUS>
    </HIER_IFACE>
    <HIER_IFACE>
     <NODE_ID>005056C000081ED68BCEB563C9B03EC3</NODE_ID>
     <NODE_TYPE>TCOD</NODE_TYPE>
     <NODE_LEVEL>02</NODE_LEVEL>
     <PARENT_ID>ZBCU_T</PARENT_ID>
     <TREE_ID>ZBCU</TREE_ID>
    </HIER_IFACE>
    <HIER_IFACE>
     <NODE_ID>005056C000081ED68BCEB563C9B05EC3</NODE_ID>
     <NODE_TYPE>TCOD</NODE_TYPE>
     <NODE_LEVEL>02</NODE_LEVEL>
     <PARENT_ID>ZBCU_T</PARENT_ID>
     <BROTHER_ID>005056C000081ED68BCEB563C9B03EC3</BROTHER_ID>
     <TREE_ID>ZBCU</TREE_ID>
    </HIER_IFACE>
    <HIER_IFACE>
     <NODE_ID>005056C000081ED68BCEB563C9B07EC3</NODE_ID>
     <NODE_TYPE>TCOD</NODE_TYPE>
     <NODE_LEVEL>02</NODE_LEVEL>
     <PARENT_ID>ZBCU_T</PARENT_ID>
     <BROTHER_ID>005056C000081ED68BCEB563C9B05EC3</BROTHER_ID>
     <TREE_ID>ZBCU</TREE_ID>
    </HIER_IFACE>
   </TREE_NODES>
   <TREE_REFS>
    <HIER_REF>
     <NODE_ID>005056C000081ED68BCEB563C9B03EC3</NODE_ID>
     <REF_TYPE>BMFR</REF_TYPE>
     <REF_OBJECT>HLA0009999</REF_OBJECT>
    </HIER_REF>
    <HIER_REF>
     <NODE_ID>005056C000081ED68BCEB563C9B03EC3</NODE_ID>
     <REF_TYPE>TCOD</REF_TYPE>
     <REF_OBJECT>ZBCU_CORRESPONDENCIA</REF_OBJECT>
    </HIER_REF>
    <HIER_REF>
     <NODE_ID>005056C000081ED68BCEB563C9B05EC3</NODE_ID>
     <REF_TYPE>BMFR</REF_TYPE>
     <REF_OBJECT>HLA0009999</REF_OBJECT>
    </HIER_REF>
    <HIER_REF>
     <NODE_ID>005056C000081ED68BCEB563C9B05EC3</NODE_ID>
     <REF_TYPE>TCOD</REF_TYPE>
     <REF_OBJECT>ZBCU_CONFIGURACION</REF_OBJECT>
    </HIER_REF>
    <HIER_REF>
     <NODE_ID>005056C000081ED68BCEB563C9B07EC3</NODE_ID>
     <REF_TYPE>BMFR</REF_TYPE>
     <REF_OBJECT>HLA0009999</REF_OBJECT>
    </HIER_REF>
    <HIER_REF>
     <NODE_ID>005056C000081ED68BCEB563C9B07EC3</NODE_ID>
     <REF_TYPE>TCOD</REF_TYPE>
     <REF_OBJECT>ZBCU_COTIZACIONES</REF_OBJECT>
    </HIER_REF>
   </TREE_REFS>
   <TREE_TEXTS>
    <HIER_TEXTS>
     <SPRAS>S</SPRAS>
     <NODE_ID>005056C000081ED68BCEB563C9B03EC3</NODE_ID>
     <TEXT>Correspondencia de Monedas</TEXT>
    </HIER_TEXTS>
    <HIER_TEXTS>
     <SPRAS>S</SPRAS>
     <NODE_ID>005056C000081ED68BCEB563C9B05EC3</NODE_ID>
     <TEXT>Configuración General</TEXT>
    </HIER_TEXTS>
    <HIER_TEXTS>
     <SPRAS>S</SPRAS>
     <NODE_ID>005056C000081ED68BCEB563C9B07EC3</NODE_ID>
     <TEXT>Lista de Cotizaciones</TEXT>
    </HIER_TEXTS>
    <HIER_TEXTS>
     <SPRAS>S</SPRAS>
     <NODE_ID>ZBCU_T</NODE_ID>
     <TEXT>Menú BCU para Cotización</TEXT>
    </HIER_TEXTS>
   </TREE_TEXTS>
  </asx:values>
 </asx:abap>
</abapGit>
