﻿<?xml version="1.0" encoding="utf-8"?>
<abapGit version="v1.0.0" serializer="LCL_OBJECT_TTYP" serializer_version="v1.0.0">
 <asx:abap xmlns:asx="http://www.sap.com/abapxml" version="1.0">
  <asx:values>
   <DD40V>
    <TYPENAME>ZBCU_RESULTADOS</TYPENAME>
    <DDLANGUAGE>S</DDLANGUAGE>
    <DATATYPE>STRG</DATATYPE>
    <ACCESSMODE>T</ACCESSMODE>
    <KEYDEF>D</KEYDEF>
    <KEYKIND>N</KEYKIND>
    <DDTEXT>Lista de resultados para el log de ejecución BCU</DDTEXT>
    <TYPELEN>000008</TYPELEN>
   </DD40V>
  </asx:values>
 </asx:abap>
</abapGit>
