﻿<?xml version="1.0" encoding="utf-8"?>
<abapGit version="v1.0.0" serializer="LCL_OBJECT_FUGR" serializer_version="v1.0.0">
 <asx:abap xmlns:asx="http://www.sap.com/abapxml" version="1.0">
  <asx:values>
   <AREAT>Grupo de Funciones BCU</AREAT>
   <INCLUDES>
    <SOBJ_NAME>LZBCUF00</SOBJ_NAME>
    <SOBJ_NAME>LZBCUF01</SOBJ_NAME>
    <SOBJ_NAME>LZBCUI00</SOBJ_NAME>
    <SOBJ_NAME>LZBCUTOP</SOBJ_NAME>
    <SOBJ_NAME>LZBCUT00</SOBJ_NAME>
    <SOBJ_NAME>SAPLZBCU</SOBJ_NAME>
   </INCLUDES>
   <FUNCTIONS>
    <item>
     <FUNCNAME>CONVERSION_EXIT_ZBCU1_INPUT</FUNCNAME>
     <IMPORT>
      <RSIMP>
       <PARAMETER>INPUT</PARAMETER>
       <REFERENCE>X</REFERENCE>
       <TYP>CLIKE</TYP>
      </RSIMP>
     </IMPORT>
     <EXPORT>
      <RSEXP>
       <PARAMETER>OUTPUT</PARAMETER>
       <REFERENCE>X</REFERENCE>
       <TYP>INT2</TYP>
      </RSEXP>
     </EXPORT>
     <DOCUMENTATION>
      <RSFDO>
       <PARAMETER>INPUT</PARAMETER>
       <KIND>P</KIND>
      </RSFDO>
      <RSFDO>
       <PARAMETER>OUTPUT</PARAMETER>
       <KIND>P</KIND>
      </RSFDO>
     </DOCUMENTATION>
    </item>
    <item>
     <FUNCNAME>CONVERSION_EXIT_ZBCU1_OUTPUT</FUNCNAME>
     <IMPORT>
      <RSIMP>
       <PARAMETER>INPUT</PARAMETER>
       <OPTIONAL>X</OPTIONAL>
       <TYP>ANY</TYP>
      </RSIMP>
     </IMPORT>
     <EXPORT>
      <RSEXP>
       <PARAMETER>OUTPUT</PARAMETER>
       <TYP>ANY</TYP>
      </RSEXP>
     </EXPORT>
     <DOCUMENTATION>
      <RSFDO>
       <PARAMETER>INPUT</PARAMETER>
       <KIND>P</KIND>
      </RSFDO>
      <RSFDO>
       <PARAMETER>OUTPUT</PARAMETER>
       <KIND>P</KIND>
      </RSFDO>
     </DOCUMENTATION>
    </item>
    <item>
     <FUNCNAME>TABLEFRAME_ZBCU</FUNCNAME>
     <IMPORT>
      <RSIMP>
       <PARAMETER>VIEW_ACTION</PARAMETER>
       <DEFAULT>&apos;S&apos;</DEFAULT>
      </RSIMP>
      <RSIMP>
       <PARAMETER>VIEW_NAME</PARAMETER>
       <DBFIELD>DD02V-TABNAME</DBFIELD>
      </RSIMP>
      <RSIMP>
       <PARAMETER>CORR_NUMBER</PARAMETER>
       <DBFIELD>E070-TRKORR</DBFIELD>
       <DEFAULT>&apos; &apos;</DEFAULT>
      </RSIMP>
     </IMPORT>
     <TABLES>
      <RSTBL>
       <PARAMETER>DBA_SELLIST</PARAMETER>
       <DBSTRUCT>VIMSELLIST</DBSTRUCT>
      </RSTBL>
      <RSTBL>
       <PARAMETER>DPL_SELLIST</PARAMETER>
       <DBSTRUCT>VIMSELLIST</DBSTRUCT>
      </RSTBL>
      <RSTBL>
       <PARAMETER>EXCL_CUA_FUNCT</PARAMETER>
       <DBSTRUCT>VIMEXCLFUN</DBSTRUCT>
      </RSTBL>
      <RSTBL>
       <PARAMETER>X_HEADER</PARAMETER>
       <DBSTRUCT>VIMDESC</DBSTRUCT>
      </RSTBL>
      <RSTBL>
       <PARAMETER>X_NAMTAB</PARAMETER>
       <DBSTRUCT>VIMNAMTAB</DBSTRUCT>
      </RSTBL>
     </TABLES>
     <EXCEPTION>
      <RSEXC>
       <EXCEPTION>MISSING_CORR_NUMBER</EXCEPTION>
      </RSEXC>
     </EXCEPTION>
     <DOCUMENTATION>
      <RSFDO>
       <PARAMETER>VIEW_ACTION</PARAMETER>
       <KIND>P</KIND>
      </RSFDO>
      <RSFDO>
       <PARAMETER>VIEW_NAME</PARAMETER>
       <KIND>P</KIND>
      </RSFDO>
      <RSFDO>
       <PARAMETER>CORR_NUMBER</PARAMETER>
       <KIND>P</KIND>
      </RSFDO>
      <RSFDO>
       <PARAMETER>DBA_SELLIST</PARAMETER>
       <KIND>P</KIND>
      </RSFDO>
      <RSFDO>
       <PARAMETER>DPL_SELLIST</PARAMETER>
       <KIND>P</KIND>
      </RSFDO>
      <RSFDO>
       <PARAMETER>EXCL_CUA_FUNCT</PARAMETER>
       <KIND>P</KIND>
      </RSFDO>
      <RSFDO>
       <PARAMETER>X_HEADER</PARAMETER>
       <KIND>P</KIND>
      </RSFDO>
      <RSFDO>
       <PARAMETER>X_NAMTAB</PARAMETER>
       <KIND>P</KIND>
      </RSFDO>
      <RSFDO>
       <PARAMETER>MISSING_CORR_NUMBER</PARAMETER>
       <KIND>X</KIND>
      </RSFDO>
     </DOCUMENTATION>
    </item>
    <item>
     <FUNCNAME>TABLEPROC_ZBCU</FUNCNAME>
     <GLOBAL_FLAG>X</GLOBAL_FLAG>
     <IMPORT>
      <RSIMP>
       <PARAMETER>FCODE</PARAMETER>
       <DEFAULT>&apos;RDED&apos;</DEFAULT>
      </RSIMP>
      <RSIMP>
       <PARAMETER>VIEW_ACTION</PARAMETER>
       <DEFAULT>&apos;S&apos;</DEFAULT>
      </RSIMP>
      <RSIMP>
       <PARAMETER>VIEW_NAME</PARAMETER>
       <DBFIELD>DD02V-TABNAME</DBFIELD>
      </RSIMP>
      <RSIMP>
       <PARAMETER>CORR_NUMBER</PARAMETER>
       <DBFIELD>E070-TRKORR</DBFIELD>
       <DEFAULT>&apos; &apos;</DEFAULT>
      </RSIMP>
     </IMPORT>
     <EXPORT>
      <RSEXP>
       <PARAMETER>LAST_ACT_ENTRY</PARAMETER>
      </RSEXP>
      <RSEXP>
       <PARAMETER>UCOMM</PARAMETER>
      </RSEXP>
      <RSEXP>
       <PARAMETER>UPDATE_REQUIRED</PARAMETER>
      </RSEXP>
     </EXPORT>
     <TABLES>
      <RSTBL>
       <PARAMETER>CORR_KEYTAB</PARAMETER>
       <DBSTRUCT>E071K</DBSTRUCT>
      </RSTBL>
      <RSTBL>
       <PARAMETER>DBA_SELLIST</PARAMETER>
       <DBSTRUCT>VIMSELLIST</DBSTRUCT>
      </RSTBL>
      <RSTBL>
       <PARAMETER>DPL_SELLIST</PARAMETER>
       <DBSTRUCT>VIMSELLIST</DBSTRUCT>
      </RSTBL>
      <RSTBL>
       <PARAMETER>EXCL_CUA_FUNCT</PARAMETER>
       <DBSTRUCT>VIMEXCLFUN</DBSTRUCT>
      </RSTBL>
      <RSTBL>
       <PARAMETER>EXTRACT</PARAMETER>
      </RSTBL>
      <RSTBL>
       <PARAMETER>TOTAL</PARAMETER>
      </RSTBL>
      <RSTBL>
       <PARAMETER>X_HEADER</PARAMETER>
       <DBSTRUCT>VIMDESC</DBSTRUCT>
      </RSTBL>
      <RSTBL>
       <PARAMETER>X_NAMTAB</PARAMETER>
       <DBSTRUCT>VIMNAMTAB</DBSTRUCT>
      </RSTBL>
     </TABLES>
     <EXCEPTION>
      <RSEXC>
       <EXCEPTION>MISSING_CORR_NUMBER</EXCEPTION>
      </RSEXC>
      <RSEXC>
       <EXCEPTION>SAVING_CORRECTION_FAILED</EXCEPTION>
      </RSEXC>
     </EXCEPTION>
     <DOCUMENTATION>
      <RSFDO>
       <PARAMETER>FCODE</PARAMETER>
       <KIND>P</KIND>
      </RSFDO>
      <RSFDO>
       <PARAMETER>VIEW_ACTION</PARAMETER>
       <KIND>P</KIND>
      </RSFDO>
      <RSFDO>
       <PARAMETER>VIEW_NAME</PARAMETER>
       <KIND>P</KIND>
      </RSFDO>
      <RSFDO>
       <PARAMETER>CORR_NUMBER</PARAMETER>
       <KIND>P</KIND>
      </RSFDO>
      <RSFDO>
       <PARAMETER>LAST_ACT_ENTRY</PARAMETER>
       <KIND>P</KIND>
      </RSFDO>
      <RSFDO>
       <PARAMETER>UCOMM</PARAMETER>
       <KIND>P</KIND>
      </RSFDO>
      <RSFDO>
       <PARAMETER>UPDATE_REQUIRED</PARAMETER>
       <KIND>P</KIND>
      </RSFDO>
      <RSFDO>
       <PARAMETER>CORR_KEYTAB</PARAMETER>
       <KIND>P</KIND>
      </RSFDO>
      <RSFDO>
       <PARAMETER>DBA_SELLIST</PARAMETER>
       <KIND>P</KIND>
      </RSFDO>
      <RSFDO>
       <PARAMETER>DPL_SELLIST</PARAMETER>
       <KIND>P</KIND>
      </RSFDO>
      <RSFDO>
       <PARAMETER>EXCL_CUA_FUNCT</PARAMETER>
       <KIND>P</KIND>
      </RSFDO>
      <RSFDO>
       <PARAMETER>EXTRACT</PARAMETER>
       <KIND>P</KIND>
      </RSFDO>
      <RSFDO>
       <PARAMETER>TOTAL</PARAMETER>
       <KIND>P</KIND>
      </RSFDO>
      <RSFDO>
       <PARAMETER>X_HEADER</PARAMETER>
       <KIND>P</KIND>
      </RSFDO>
      <RSFDO>
       <PARAMETER>X_NAMTAB</PARAMETER>
       <KIND>P</KIND>
      </RSFDO>
      <RSFDO>
       <PARAMETER>MISSING_CORR_NUMBER</PARAMETER>
       <KIND>X</KIND>
      </RSFDO>
      <RSFDO>
       <PARAMETER>SAVING_CORRECTION_FAILED</PARAMETER>
       <KIND>X</KIND>
      </RSFDO>
     </DOCUMENTATION>
    </item>
    <item>
     <FUNCNAME>ZBCU_CARGAR_COTIZACIONES</FUNCNAME>
     <IMPORT>
      <RSIMP>
       <PARAMETER>IV_FECHA_DE_EJECUCION</PARAMETER>
       <TYP>XSDDATE_D</TYP>
      </RSIMP>
      <RSIMP>
       <PARAMETER>IV_FECHA_DE_COTIZACION</PARAMETER>
       <TYP>XSDDATE_D</TYP>
      </RSIMP>
     </IMPORT>
     <EXCEPTION>
      <RSEXC>
       <EXCEPTION>ZCX_BCU_ERROR</EXCEPTION>
      </RSEXC>
     </EXCEPTION>
     <DOCUMENTATION>
      <RSFDO>
       <PARAMETER>IV_FECHA_DE_EJECUCION</PARAMETER>
       <KIND>P</KIND>
      </RSFDO>
      <RSFDO>
       <PARAMETER>IV_FECHA_DE_COTIZACION</PARAMETER>
       <KIND>P</KIND>
      </RSFDO>
      <RSFDO>
       <PARAMETER>ZCX_BCU_ERROR</PARAMETER>
       <KIND>X</KIND>
      </RSFDO>
     </DOCUMENTATION>
     <EXCEPTION_CLASSES>X</EXCEPTION_CLASSES>
    </item>
    <item>
     <FUNCNAME>ZBCU_CARGAR_COTIZACIONES_AUTO</FUNCNAME>
     <IMPORT>
      <RSIMP>
       <PARAMETER>IV_FECHA_COTIZACION</PARAMETER>
       <OPTIONAL>X</OPTIONAL>
       <REFERENCE>X</REFERENCE>
       <TYP>XSDDATE_D</TYP>
      </RSIMP>
      <RSIMP>
       <PARAMETER>IV_INTENTO</PARAMETER>
       <DEFAULT>1</DEFAULT>
       <OPTIONAL>X</OPTIONAL>
       <REFERENCE>X</REFERENCE>
       <TYP>NUM</TYP>
      </RSIMP>
      <RSIMP>
       <PARAMETER>IV_JOB</PARAMETER>
       <REFERENCE>X</REFERENCE>
       <TYP>CHAR1</TYP>
      </RSIMP>
     </IMPORT>
     <EXCEPTION>
      <RSEXC>
       <EXCEPTION>EX_BCU_ERROR</EXCEPTION>
      </RSEXC>
      <RSEXC>
       <EXCEPTION>EX_MENSUAL</EXCEPTION>
      </RSEXC>
     </EXCEPTION>
     <DOCUMENTATION>
      <RSFDO>
       <PARAMETER>IV_FECHA_COTIZACION</PARAMETER>
       <KIND>P</KIND>
      </RSFDO>
      <RSFDO>
       <PARAMETER>IV_INTENTO</PARAMETER>
       <KIND>P</KIND>
      </RSFDO>
      <RSFDO>
       <PARAMETER>IV_JOB</PARAMETER>
       <KIND>P</KIND>
      </RSFDO>
      <RSFDO>
       <PARAMETER>EX_BCU_ERROR</PARAMETER>
       <KIND>X</KIND>
      </RSFDO>
      <RSFDO>
       <PARAMETER>EX_MENSUAL</PARAMETER>
       <KIND>X</KIND>
      </RSFDO>
     </DOCUMENTATION>
    </item>
    <item>
     <FUNCNAME>ZBCU_CARGAR_PARAMETROS</FUNCNAME>
     <EXPORT>
      <RSEXP>
       <PARAMETER>EV_TIPO_COTIZ_MENSUAL</PARAMETER>
       <REFERENCE>X</REFERENCE>
       <TYP>KURST</TYP>
      </RSEXP>
      <RSEXP>
       <PARAMETER>EV_ARB_DOLAR_BILL</PARAMETER>
       <REFERENCE>X</REFERENCE>
       <TYP>ZED_BCU_ARBITRAJE</TYP>
      </RSEXP>
      <RSEXP>
       <PARAMETER>EV_ULT_ACT_DIA</PARAMETER>
       <REFERENCE>X</REFERENCE>
       <TYP>DATUM</TYP>
      </RSEXP>
      <RSEXP>
       <PARAMETER>EV_ULT_ACT_HORA</PARAMETER>
       <REFERENCE>X</REFERENCE>
       <TYP>UZEIT</TYP>
      </RSEXP>
      <RSEXP>
       <PARAMETER>EV_MAIL_DIR_1</PARAMETER>
       <REFERENCE>X</REFERENCE>
       <TYP>AD_SMTPADR</TYP>
      </RSEXP>
      <RSEXP>
       <PARAMETER>EV_MAIL_DIR_2</PARAMETER>
       <REFERENCE>X</REFERENCE>
       <TYP>AD_SMTPADR</TYP>
      </RSEXP>
      <RSEXP>
       <PARAMETER>EV_MAIL_ENVIAR</PARAMETER>
       <REFERENCE>X</REFERENCE>
       <TYP>ZED_BCU_ENVIO_MAIL</TYP>
      </RSEXP>
      <RSEXP>
       <PARAMETER>EV_USUARIO_JOB</PARAMETER>
       <REFERENCE>X</REFERENCE>
       <TYP>XUBNAME</TYP>
      </RSEXP>
      <RSEXP>
       <PARAMETER>EV_CALENDARIO</PARAMETER>
       <REFERENCE>X</REFERENCE>
       <TYP>HIDENT</TYP>
      </RSEXP>
      <RSEXP>
       <PARAMETER>EV_REINTENTOS</PARAMETER>
       <REFERENCE>X</REFERENCE>
       <TYP>NUM2</TYP>
      </RSEXP>
      <RSEXP>
       <PARAMETER>EV_TIEMPO_REI</PARAMETER>
       <REFERENCE>X</REFERENCE>
       <TYP>NUM2</TYP>
      </RSEXP>
      <RSEXP>
       <PARAMETER>EV_VENC_CERT</PARAMETER>
       <REFERENCE>X</REFERENCE>
       <TYP>DATUM</TYP>
      </RSEXP>
      <RSEXP>
       <PARAMETER>EV_TODOS_LOS_DIAS</PARAMETER>
       <REFERENCE>X</REFERENCE>
       <TYP>ZED_BCU_CARGAR_TODO_DIA</TYP>
      </RSEXP>
     </EXPORT>
     <EXCEPTION>
      <RSEXC>
       <EXCEPTION>ZCX_BCU_ERROR</EXCEPTION>
      </RSEXC>
     </EXCEPTION>
     <DOCUMENTATION>
      <RSFDO>
       <PARAMETER>EV_TIPO_COTIZ_MENSUAL</PARAMETER>
       <KIND>P</KIND>
      </RSFDO>
      <RSFDO>
       <PARAMETER>EV_ARB_DOLAR_BILL</PARAMETER>
       <KIND>P</KIND>
      </RSFDO>
      <RSFDO>
       <PARAMETER>EV_ULT_ACT_DIA</PARAMETER>
       <KIND>P</KIND>
      </RSFDO>
      <RSFDO>
       <PARAMETER>EV_ULT_ACT_HORA</PARAMETER>
       <KIND>P</KIND>
      </RSFDO>
      <RSFDO>
       <PARAMETER>EV_MAIL_DIR_1</PARAMETER>
       <KIND>P</KIND>
      </RSFDO>
      <RSFDO>
       <PARAMETER>EV_MAIL_DIR_2</PARAMETER>
       <KIND>P</KIND>
      </RSFDO>
      <RSFDO>
       <PARAMETER>EV_MAIL_ENVIAR</PARAMETER>
       <KIND>P</KIND>
      </RSFDO>
      <RSFDO>
       <PARAMETER>EV_USUARIO_JOB</PARAMETER>
       <KIND>P</KIND>
      </RSFDO>
      <RSFDO>
       <PARAMETER>EV_CALENDARIO</PARAMETER>
       <KIND>P</KIND>
      </RSFDO>
      <RSFDO>
       <PARAMETER>EV_REINTENTOS</PARAMETER>
       <KIND>P</KIND>
      </RSFDO>
      <RSFDO>
       <PARAMETER>EV_TIEMPO_REI</PARAMETER>
       <KIND>P</KIND>
      </RSFDO>
      <RSFDO>
       <PARAMETER>EV_VENC_CERT</PARAMETER>
       <KIND>P</KIND>
      </RSFDO>
      <RSFDO>
       <PARAMETER>EV_TODOS_LOS_DIAS</PARAMETER>
       <KIND>P</KIND>
      </RSFDO>
      <RSFDO>
       <PARAMETER>ZCX_BCU_ERROR</PARAMETER>
       <KIND>X</KIND>
      </RSFDO>
     </DOCUMENTATION>
     <EXCEPTION_CLASSES>X</EXCEPTION_CLASSES>
    </item>
    <item>
     <FUNCNAME>ZBCU_COTIZACION</FUNCNAME>
     <IMPORT>
      <RSIMP>
       <PARAMETER>IT_MONEDAS</PARAMETER>
       <REFERENCE>X</REFERENCE>
       <TYP>ZBCU_CODIGO_TAB</TYP>
      </RSIMP>
      <RSIMP>
       <PARAMETER>IV_FECHA_DESDE</PARAMETER>
       <REFERENCE>X</REFERENCE>
       <TYP>XSDDATE_D</TYP>
      </RSIMP>
      <RSIMP>
       <PARAMETER>IV_FECHA_HASTA</PARAMETER>
       <REFERENCE>X</REFERENCE>
       <TYP>XSDDATE_D</TYP>
      </RSIMP>
      <RSIMP>
       <PARAMETER>IV_GRUPO</PARAMETER>
       <DEFAULT>0</DEFAULT>
       <REFERENCE>X</REFERENCE>
       <TYP>INT2</TYP>
      </RSIMP>
     </IMPORT>
     <EXPORT>
      <RSEXP>
       <PARAMETER>ET_DATOS_COTIZACIONES_TAB</PARAMETER>
       <REFERENCE>X</REFERENCE>
       <TYP>ZBCU_DATOS_COTIZACIONES_TAB</TYP>
      </RSEXP>
      <RSEXP>
       <PARAMETER>ES_RESPUESTA_STATUS</PARAMETER>
       <REFERENCE>X</REFERENCE>
       <TYP>ZBCU_RESPUESTA_STATUS</TYP>
      </RSEXP>
     </EXPORT>
     <EXCEPTION>
      <RSEXC>
       <EXCEPTION>ZCX_BCU_ERROR</EXCEPTION>
      </RSEXC>
     </EXCEPTION>
     <DOCUMENTATION>
      <RSFDO>
       <PARAMETER>IT_MONEDAS</PARAMETER>
       <KIND>P</KIND>
      </RSFDO>
      <RSFDO>
       <PARAMETER>IV_FECHA_DESDE</PARAMETER>
       <KIND>P</KIND>
      </RSFDO>
      <RSFDO>
       <PARAMETER>IV_FECHA_HASTA</PARAMETER>
       <KIND>P</KIND>
      </RSFDO>
      <RSFDO>
       <PARAMETER>IV_GRUPO</PARAMETER>
       <KIND>P</KIND>
      </RSFDO>
      <RSFDO>
       <PARAMETER>ET_DATOS_COTIZACIONES_TAB</PARAMETER>
       <KIND>P</KIND>
      </RSFDO>
      <RSFDO>
       <PARAMETER>ES_RESPUESTA_STATUS</PARAMETER>
       <KIND>P</KIND>
      </RSFDO>
      <RSFDO>
       <PARAMETER>ZCX_BCU_ERROR</PARAMETER>
       <KIND>X</KIND>
      </RSFDO>
     </DOCUMENTATION>
     <EXCEPTION_CLASSES>X</EXCEPTION_CLASSES>
    </item>
    <item>
     <FUNCNAME>ZBCU_ENVIO_MAIL</FUNCNAME>
     <IMPORT>
      <RSIMP>
       <PARAMETER>IV_ESTADO</PARAMETER>
       <REFERENCE>X</REFERENCE>
       <TYP>ZBCU_ESTADO_EJEC</TYP>
      </RSIMP>
      <RSIMP>
       <PARAMETER>IV_FECHA_DE_EJECUCION</PARAMETER>
       <REFERENCE>X</REFERENCE>
       <TYP>DATUM</TYP>
      </RSIMP>
      <RSIMP>
       <PARAMETER>IV_FECHA_CIERRE</PARAMETER>
       <REFERENCE>X</REFERENCE>
       <TYP>DATUM</TYP>
      </RSIMP>
     </IMPORT>
     <TABLES>
      <RSTBL>
       <PARAMETER>IT_COTIZACIONES_CARGAR</PARAMETER>
       <DBSTRUCT>BAPI1093_0</DBSTRUCT>
       <OPTIONAL>X</OPTIONAL>
      </RSTBL>
     </TABLES>
     <EXCEPTION>
      <RSEXC>
       <EXCEPTION>ZCX_BCU_ERROR</EXCEPTION>
      </RSEXC>
     </EXCEPTION>
     <DOCUMENTATION>
      <RSFDO>
       <PARAMETER>IV_ESTADO</PARAMETER>
       <KIND>P</KIND>
      </RSFDO>
      <RSFDO>
       <PARAMETER>IV_FECHA_DE_EJECUCION</PARAMETER>
       <KIND>P</KIND>
      </RSFDO>
      <RSFDO>
       <PARAMETER>IV_FECHA_CIERRE</PARAMETER>
       <KIND>P</KIND>
      </RSFDO>
      <RSFDO>
       <PARAMETER>IT_COTIZACIONES_CARGAR</PARAMETER>
       <KIND>P</KIND>
      </RSFDO>
      <RSFDO>
       <PARAMETER>ZCX_BCU_ERROR</PARAMETER>
       <KIND>X</KIND>
      </RSFDO>
     </DOCUMENTATION>
     <EXCEPTION_CLASSES>X</EXCEPTION_CLASSES>
    </item>
    <item>
     <FUNCNAME>ZBCU_GUARDAR_PARAMETROS</FUNCNAME>
     <IMPORT>
      <RSIMP>
       <PARAMETER>IV_TIPO_COTIZ_MENSUAL</PARAMETER>
       <OPTIONAL>X</OPTIONAL>
       <REFERENCE>X</REFERENCE>
       <TYP>KURST</TYP>
      </RSIMP>
      <RSIMP>
       <PARAMETER>IV_ULT_ACT_DIA</PARAMETER>
       <OPTIONAL>X</OPTIONAL>
       <REFERENCE>X</REFERENCE>
       <TYP>DATUM</TYP>
      </RSIMP>
      <RSIMP>
       <PARAMETER>IV_ULT_ACT_HORA</PARAMETER>
       <OPTIONAL>X</OPTIONAL>
       <REFERENCE>X</REFERENCE>
       <TYP>UZEIT</TYP>
      </RSIMP>
      <RSIMP>
       <PARAMETER>IV_MAIL_DIR_1</PARAMETER>
       <OPTIONAL>X</OPTIONAL>
       <REFERENCE>X</REFERENCE>
       <TYP>AD_SMTPADR</TYP>
      </RSIMP>
      <RSIMP>
       <PARAMETER>IV_MAIL_DIR_2</PARAMETER>
       <OPTIONAL>X</OPTIONAL>
       <REFERENCE>X</REFERENCE>
       <TYP>AD_SMTPADR</TYP>
      </RSIMP>
      <RSIMP>
       <PARAMETER>IV_MAIL_ENVIAR</PARAMETER>
       <OPTIONAL>X</OPTIONAL>
       <REFERENCE>X</REFERENCE>
       <TYP>ZED_BCU_ENVIO_MAIL</TYP>
      </RSIMP>
      <RSIMP>
       <PARAMETER>IV_TIPO_COTIZ_MENSUAL_X</PARAMETER>
       <OPTIONAL>X</OPTIONAL>
       <REFERENCE>X</REFERENCE>
       <TYP>FLAG</TYP>
      </RSIMP>
      <RSIMP>
       <PARAMETER>IV_ULT_ACT_DIA_X</PARAMETER>
       <OPTIONAL>X</OPTIONAL>
       <REFERENCE>X</REFERENCE>
       <TYP>FLAG</TYP>
      </RSIMP>
      <RSIMP>
       <PARAMETER>IV_ULT_ACT_HORA_X</PARAMETER>
       <OPTIONAL>X</OPTIONAL>
       <REFERENCE>X</REFERENCE>
       <TYP>FLAG</TYP>
      </RSIMP>
      <RSIMP>
       <PARAMETER>IV_MAIL_DIR_1_X</PARAMETER>
       <OPTIONAL>X</OPTIONAL>
       <REFERENCE>X</REFERENCE>
       <TYP>FLAG</TYP>
      </RSIMP>
      <RSIMP>
       <PARAMETER>IV_MAIL_DIR_2_X</PARAMETER>
       <OPTIONAL>X</OPTIONAL>
       <REFERENCE>X</REFERENCE>
       <TYP>FLAG</TYP>
      </RSIMP>
      <RSIMP>
       <PARAMETER>IV_MAIL_ENVIAR_X</PARAMETER>
       <OPTIONAL>X</OPTIONAL>
       <REFERENCE>X</REFERENCE>
       <TYP>FLAG</TYP>
      </RSIMP>
      <RSIMP>
       <PARAMETER>IV_USUARIO_JOB</PARAMETER>
       <OPTIONAL>X</OPTIONAL>
       <REFERENCE>X</REFERENCE>
       <TYP>BTCSDLNM</TYP>
      </RSIMP>
      <RSIMP>
       <PARAMETER>IV_USUARIO_JOB_X</PARAMETER>
       <OPTIONAL>X</OPTIONAL>
       <REFERENCE>X</REFERENCE>
       <TYP>FLAG</TYP>
      </RSIMP>
      <RSIMP>
       <PARAMETER>IV_CALENDARIO</PARAMETER>
       <OPTIONAL>X</OPTIONAL>
       <REFERENCE>X</REFERENCE>
       <TYP>HIDENT</TYP>
      </RSIMP>
      <RSIMP>
       <PARAMETER>IV_CALENDARIO_X</PARAMETER>
       <OPTIONAL>X</OPTIONAL>
       <REFERENCE>X</REFERENCE>
       <TYP>FLAG</TYP>
      </RSIMP>
      <RSIMP>
       <PARAMETER>IV_REINTENTOS</PARAMETER>
       <OPTIONAL>X</OPTIONAL>
       <REFERENCE>X</REFERENCE>
       <TYP>NUM2</TYP>
      </RSIMP>
      <RSIMP>
       <PARAMETER>IV_REINTENTOS_X</PARAMETER>
       <OPTIONAL>X</OPTIONAL>
       <REFERENCE>X</REFERENCE>
       <TYP>FLAG</TYP>
      </RSIMP>
      <RSIMP>
       <PARAMETER>IV_TIEMPO_REI</PARAMETER>
       <OPTIONAL>X</OPTIONAL>
       <REFERENCE>X</REFERENCE>
       <TYP>NUM2</TYP>
      </RSIMP>
      <RSIMP>
       <PARAMETER>IV_TIEMPO_REI_X</PARAMETER>
       <OPTIONAL>X</OPTIONAL>
       <REFERENCE>X</REFERENCE>
       <TYP>FLAG</TYP>
      </RSIMP>
      <RSIMP>
       <PARAMETER>IV_VENC_CERT</PARAMETER>
       <OPTIONAL>X</OPTIONAL>
       <REFERENCE>X</REFERENCE>
       <TYP>DATUM</TYP>
      </RSIMP>
      <RSIMP>
       <PARAMETER>IV_VENC_CERT_X</PARAMETER>
       <OPTIONAL>X</OPTIONAL>
       <REFERENCE>X</REFERENCE>
       <TYP>FLAG</TYP>
      </RSIMP>
      <RSIMP>
       <PARAMETER>IV_CARGAR_TODO_DIA</PARAMETER>
       <OPTIONAL>X</OPTIONAL>
       <REFERENCE>X</REFERENCE>
       <TYP>ZED_BCU_CARGAR_TODO_DIA</TYP>
      </RSIMP>
      <RSIMP>
       <PARAMETER>IV_CARGAR_TODO_DIA_X</PARAMETER>
       <OPTIONAL>X</OPTIONAL>
       <REFERENCE>X</REFERENCE>
       <TYP>FLAG</TYP>
      </RSIMP>
     </IMPORT>
     <EXCEPTION>
      <RSEXC>
       <EXCEPTION>ZCX_BCU_ERROR</EXCEPTION>
      </RSEXC>
     </EXCEPTION>
     <DOCUMENTATION>
      <RSFDO>
       <PARAMETER>IV_TIPO_COTIZ_MENSUAL</PARAMETER>
       <KIND>P</KIND>
      </RSFDO>
      <RSFDO>
       <PARAMETER>IV_ULT_ACT_DIA</PARAMETER>
       <KIND>P</KIND>
      </RSFDO>
      <RSFDO>
       <PARAMETER>IV_ULT_ACT_HORA</PARAMETER>
       <KIND>P</KIND>
      </RSFDO>
      <RSFDO>
       <PARAMETER>IV_MAIL_DIR_1</PARAMETER>
       <KIND>P</KIND>
      </RSFDO>
      <RSFDO>
       <PARAMETER>IV_MAIL_DIR_2</PARAMETER>
       <KIND>P</KIND>
      </RSFDO>
      <RSFDO>
       <PARAMETER>IV_MAIL_ENVIAR</PARAMETER>
       <KIND>P</KIND>
      </RSFDO>
      <RSFDO>
       <PARAMETER>IV_TIPO_COTIZ_MENSUAL_X</PARAMETER>
       <KIND>P</KIND>
      </RSFDO>
      <RSFDO>
       <PARAMETER>IV_ULT_ACT_DIA_X</PARAMETER>
       <KIND>P</KIND>
      </RSFDO>
      <RSFDO>
       <PARAMETER>IV_ULT_ACT_HORA_X</PARAMETER>
       <KIND>P</KIND>
      </RSFDO>
      <RSFDO>
       <PARAMETER>IV_MAIL_DIR_1_X</PARAMETER>
       <KIND>P</KIND>
      </RSFDO>
      <RSFDO>
       <PARAMETER>IV_MAIL_DIR_2_X</PARAMETER>
       <KIND>P</KIND>
      </RSFDO>
      <RSFDO>
       <PARAMETER>IV_MAIL_ENVIAR_X</PARAMETER>
       <KIND>P</KIND>
      </RSFDO>
      <RSFDO>
       <PARAMETER>IV_USUARIO_JOB</PARAMETER>
       <KIND>P</KIND>
      </RSFDO>
      <RSFDO>
       <PARAMETER>IV_USUARIO_JOB_X</PARAMETER>
       <KIND>P</KIND>
      </RSFDO>
      <RSFDO>
       <PARAMETER>IV_CALENDARIO</PARAMETER>
       <KIND>P</KIND>
      </RSFDO>
      <RSFDO>
       <PARAMETER>IV_CALENDARIO_X</PARAMETER>
       <KIND>P</KIND>
      </RSFDO>
      <RSFDO>
       <PARAMETER>IV_REINTENTOS</PARAMETER>
       <KIND>P</KIND>
      </RSFDO>
      <RSFDO>
       <PARAMETER>IV_REINTENTOS_X</PARAMETER>
       <KIND>P</KIND>
      </RSFDO>
      <RSFDO>
       <PARAMETER>IV_TIEMPO_REI</PARAMETER>
       <KIND>P</KIND>
      </RSFDO>
      <RSFDO>
       <PARAMETER>IV_TIEMPO_REI_X</PARAMETER>
       <KIND>P</KIND>
      </RSFDO>
      <RSFDO>
       <PARAMETER>IV_VENC_CERT</PARAMETER>
       <KIND>P</KIND>
      </RSFDO>
      <RSFDO>
       <PARAMETER>IV_VENC_CERT_X</PARAMETER>
       <KIND>P</KIND>
      </RSFDO>
      <RSFDO>
       <PARAMETER>IV_CARGAR_TODO_DIA</PARAMETER>
       <KIND>P</KIND>
      </RSFDO>
      <RSFDO>
       <PARAMETER>IV_CARGAR_TODO_DIA_X</PARAMETER>
       <KIND>P</KIND>
      </RSFDO>
      <RSFDO>
       <PARAMETER>ZCX_BCU_ERROR</PARAMETER>
       <KIND>X</KIND>
      </RSFDO>
     </DOCUMENTATION>
     <EXCEPTION_CLASSES>X</EXCEPTION_CLASSES>
    </item>
    <item>
     <FUNCNAME>ZBCU_LOG</FUNCNAME>
     <IMPORT>
      <RSIMP>
       <PARAMETER>IV_TIPO</PARAMETER>
       <REFERENCE>X</REFERENCE>
       <TYP>CHAR1</TYP>
      </RSIMP>
      <RSIMP>
       <PARAMETER>IT_MENSAJES</PARAMETER>
       <REFERENCE>X</REFERENCE>
       <TYP>ZBCU_RESULTADOS</TYP>
      </RSIMP>
     </IMPORT>
     <EXCEPTION>
      <RSEXC>
       <EXCEPTION>ZCX_BCU_ERROR</EXCEPTION>
      </RSEXC>
     </EXCEPTION>
     <DOCUMENTATION>
      <RSFDO>
       <PARAMETER>IV_TIPO</PARAMETER>
       <KIND>P</KIND>
      </RSFDO>
      <RSFDO>
       <PARAMETER>IT_MENSAJES</PARAMETER>
       <KIND>P</KIND>
      </RSFDO>
      <RSFDO>
       <PARAMETER>ZCX_BCU_ERROR</PARAMETER>
       <KIND>X</KIND>
      </RSFDO>
     </DOCUMENTATION>
     <EXCEPTION_CLASSES>X</EXCEPTION_CLASSES>
    </item>
    <item>
     <FUNCNAME>ZBCU_MONEDAS</FUNCNAME>
     <REMOTE_CALL>R</REMOTE_CALL>
     <IMPORT>
      <RSIMP>
       <PARAMETER>IV_GRUPO</PARAMETER>
       <DEFAULT>0</DEFAULT>
       <OPTIONAL>X</OPTIONAL>
       <TYP>INT2</TYP>
      </RSIMP>
     </IMPORT>
     <EXPORT>
      <RSEXP>
       <PARAMETER>ET_MONEDAS</PARAMETER>
       <TYP>ZBCU_MONEDAS_TAB</TYP>
      </RSEXP>
     </EXPORT>
     <DOCUMENTATION>
      <RSFDO>
       <PARAMETER>IV_GRUPO</PARAMETER>
       <KIND>P</KIND>
      </RSFDO>
      <RSFDO>
       <PARAMETER>ET_MONEDAS</PARAMETER>
       <KIND>P</KIND>
      </RSFDO>
     </DOCUMENTATION>
    </item>
    <item>
     <FUNCNAME>ZBCU_ULTIMO_CIERRE</FUNCNAME>
     <EXPORT>
      <RSEXP>
       <PARAMETER>EV_FECHA</PARAMETER>
       <REFERENCE>X</REFERENCE>
       <TYP>XSDDATE_D</TYP>
      </RSEXP>
     </EXPORT>
     <EXCEPTION>
      <RSEXC>
       <EXCEPTION>ZCX_BCU_ERROR</EXCEPTION>
      </RSEXC>
     </EXCEPTION>
     <DOCUMENTATION>
      <RSFDO>
       <PARAMETER>EV_FECHA</PARAMETER>
       <KIND>P</KIND>
      </RSFDO>
      <RSFDO>
       <PARAMETER>ZCX_BCU_ERROR</PARAMETER>
       <KIND>X</KIND>
      </RSFDO>
     </DOCUMENTATION>
     <EXCEPTION_CLASSES>X</EXCEPTION_CLASSES>
    </item>
    <item>
     <FUNCNAME>ZBCU_ULTIMO_CIERRE_VALIDO</FUNCNAME>
     <IMPORT>
      <RSIMP>
       <PARAMETER>IV_FECHA</PARAMETER>
       <REFERENCE>X</REFERENCE>
       <TYP>XSDDATE_D</TYP>
      </RSIMP>
     </IMPORT>
     <EXPORT>
      <RSEXP>
       <PARAMETER>EV_FECHA</PARAMETER>
       <REFERENCE>X</REFERENCE>
       <TYP>XSDDATE_D</TYP>
      </RSEXP>
     </EXPORT>
     <EXCEPTION>
      <RSEXC>
       <EXCEPTION>ZCX_BCU_ERROR</EXCEPTION>
      </RSEXC>
     </EXCEPTION>
     <DOCUMENTATION>
      <RSFDO>
       <PARAMETER>IV_FECHA</PARAMETER>
       <KIND>P</KIND>
      </RSFDO>
      <RSFDO>
       <PARAMETER>EV_FECHA</PARAMETER>
       <KIND>P</KIND>
      </RSFDO>
      <RSFDO>
       <PARAMETER>ZCX_BCU_ERROR</PARAMETER>
       <KIND>X</KIND>
      </RSFDO>
     </DOCUMENTATION>
     <EXCEPTION_CLASSES>X</EXCEPTION_CLASSES>
    </item>
   </FUNCTIONS>
   <DYNPROS>
    <item>
     <HEADER>
      <PROGRAM>SAPLZBCU</PROGRAM>
      <SCREEN>0001</SCREEN>
      <LANGUAGE>S</LANGUAGE>
      <DESCRIPT>Act.vistas: Imagen resumen ZBCU_MONEDA_CONF</DESCRIPT>
      <TYPE>N</TYPE>
      <NEXTSCREEN>0001</NEXTSCREEN>
      <LINES>061</LINES>
      <COLUMNS>181</COLUMNS>
     </HEADER>
     <CONTAINERS>
      <RPY_DYCATT>
       <TYPE>SCREEN</TYPE>
       <NAME>SCREEN</NAME>
      </RPY_DYCATT>
      <RPY_DYCATT>
       <TYPE>TABLE_CTRL</TYPE>
       <NAME>TCTRL_ZBCU_MONEDA_CONF</NAME>
       <ELEMENT_OF>SCREEN</ELEMENT_OF>
       <LINE>001</LINE>
       <COLUMN>001</COLUMN>
       <LENGTH>181</LENGTH>
       <HEIGHT>059</HEIGHT>
       <C_RESIZE_V>X</C_RESIZE_V>
       <C_RESIZE_H>X</C_RESIZE_H>
       <C_SCROLL_V>X</C_SCROLL_V>
       <C_SCROLL_H>X</C_SCROLL_H>
       <TC_TABTYPE>ENTRY</TC_TABTYPE>
       <TC_SEPAR_V>X</TC_SEPAR_V>
       <TC_SEPAR_H>X</TC_SEPAR_H>
       <TC_TITLE>X</TC_TITLE>
       <TC_HEADER>X</TC_HEADER>
       <TC_CONFIG>X</TC_CONFIG>
       <TC_SEL_LNS>MULTIPLE</TC_SEL_LNS>
       <TC_SEL_CLS>NONE</TC_SEL_CLS>
       <TC_LSEL_CL>X</TC_LSEL_CL>
       <TC_FIXCOL>005</TC_FIXCOL>
      </RPY_DYCATT>
     </CONTAINERS>
     <FIELDS>
      <RPY_DYFATC>
       <CONT_TYPE>SCREEN</CONT_TYPE>
       <CONT_NAME>SCREEN</CONT_NAME>
       <TYPE>PUSH_TMPL</TYPE>
       <NAME>VIM_POSI_PUSH</NAME>
       <TEXT>____________________</TEXT>
       <LINE>061</LINE>
       <COLUMN>019</COLUMN>
       <LENGTH>020</LENGTH>
       <VISLENGTH>020</VISLENGTH>
       <HEIGHT>001</HEIGHT>
       <PUSH_FCODE>POSI</PUSH_FCODE>
       <FORMAT>CHAR</FORMAT>
       <OUTPUT_FLD>X</OUTPUT_FLD>
       <REQU_ENTRY>N</REQU_ENTRY>
      </RPY_DYFATC>
      <RPY_DYFATC>
       <CONT_TYPE>SCREEN</CONT_TYPE>
       <CONT_NAME>SCREEN</CONT_NAME>
       <TYPE>TEMPLATE</TYPE>
       <NAME>VIM_POSITION_INFO</NAME>
       <TEXT>______________________________</TEXT>
       <LINE>061</LINE>
       <COLUMN>040</COLUMN>
       <LENGTH>030</LENGTH>
       <VISLENGTH>030</VISLENGTH>
       <HEIGHT>001</HEIGHT>
       <FORMAT>CHAR</FORMAT>
       <UP_LOWER>X</UP_LOWER>
       <OUTPUT_FLD>X</OUTPUT_FLD>
       <OUTPUTONLY>X</OUTPUTONLY>
       <REQU_ENTRY>N</REQU_ENTRY>
       <_--32_DIMENS>X</_--32_DIMENS>
      </RPY_DYFATC>
      <RPY_DYFATC>
       <CONT_TYPE>SCREEN</CONT_TYPE>
       <CONT_NAME>SCREEN</CONT_NAME>
       <TYPE>OKCODE</TYPE>
       <NAME>OK_CODE</NAME>
       <TEXT>____________________</TEXT>
       <LENGTH>020</LENGTH>
       <VISLENGTH>020</VISLENGTH>
       <HEIGHT>001</HEIGHT>
       <FORMAT>CHAR</FORMAT>
       <INPUT_FLD>X</INPUT_FLD>
      </RPY_DYFATC>
      <RPY_DYFATC>
       <CONT_TYPE>TABLE_CTRL</CONT_TYPE>
       <CONT_NAME>TCTRL_ZBCU_MONEDA_CONF</CONT_NAME>
       <TYPE>TEMPLATE</TYPE>
       <NAME>VIM_FRAME_FIELD</NAME>
       <TEXT>____________________________________________________________</TEXT>
       <LINE>001</LINE>
       <LENGTH>060</LENGTH>
       <VISLENGTH>060</VISLENGTH>
       <HEIGHT>001</HEIGHT>
       <FORMAT>CHAR</FORMAT>
       <UP_LOWER>X</UP_LOWER>
       <OUTPUT_FLD>X</OUTPUT_FLD>
       <REQU_ENTRY>N</REQU_ENTRY>
       <TC_TITLE>X</TC_TITLE>
      </RPY_DYFATC>
      <RPY_DYFATC>
       <CONT_TYPE>TABLE_CTRL</CONT_TYPE>
       <CONT_NAME>TCTRL_ZBCU_MONEDA_CONF</CONT_NAME>
       <TYPE>TEXT</TYPE>
       <NAME>*ZBCU_MONEDA_CONF-TIPO_COTIZ</NAME>
       <LINE>001</LINE>
       <COLUMN>001</COLUMN>
       <LENGTH>040</LENGTH>
       <VISLENGTH>004</VISLENGTH>
       <HEIGHT>001</HEIGHT>
       <FORMAT>CHAR</FORMAT>
       <FROM_DICT>X</FROM_DICT>
       <MODIFIC>4</MODIFIC>
       <REQU_ENTRY>N</REQU_ENTRY>
       <TC_HEADING>X</TC_HEADING>
      </RPY_DYFATC>
      <RPY_DYFATC>
       <CONT_TYPE>TABLE_CTRL</CONT_TYPE>
       <CONT_NAME>TCTRL_ZBCU_MONEDA_CONF</CONT_NAME>
       <TYPE>TEXT</TYPE>
       <NAME>*ZBCU_MONEDA_CONF-CODIGO_MON_SAP</NAME>
       <TEXT>Código_SAP___________________________________</TEXT>
       <LINE>001</LINE>
       <COLUMN>002</COLUMN>
       <LENGTH>045</LENGTH>
       <VISLENGTH>010</VISLENGTH>
       <HEIGHT>001</HEIGHT>
       <FORMAT>CHAR</FORMAT>
       <FROM_DICT>X</FROM_DICT>
       <MODIFIC>F</MODIFIC>
       <REQU_ENTRY>N</REQU_ENTRY>
       <TC_HEADING>X</TC_HEADING>
      </RPY_DYFATC>
      <RPY_DYFATC>
       <CONT_TYPE>TABLE_CTRL</CONT_TYPE>
       <CONT_NAME>TCTRL_ZBCU_MONEDA_CONF</CONT_NAME>
       <TYPE>TEXT</TYPE>
       <NAME>*ZBCU_MONEDA_CONF-NOMBRE_MON_SAP</NAME>
       <TEXT>Nombre_Mon._SAP_______________________</TEXT>
       <LINE>001</LINE>
       <COLUMN>003</COLUMN>
       <LENGTH>038</LENGTH>
       <VISLENGTH>040</VISLENGTH>
       <HEIGHT>001</HEIGHT>
       <FORMAT>CHAR</FORMAT>
       <FROM_DICT>X</FROM_DICT>
       <MODIFIC>F</MODIFIC>
       <REQU_ENTRY>N</REQU_ENTRY>
       <TC_HEADING>X</TC_HEADING>
      </RPY_DYFATC>
      <RPY_DYFATC>
       <CONT_TYPE>TABLE_CTRL</CONT_TYPE>
       <CONT_NAME>TCTRL_ZBCU_MONEDA_CONF</CONT_NAME>
       <TYPE>TEXT</TYPE>
       <NAME>*ZBCU_MONEDA_CONF-CODIGO_MON_BCU</NAME>
       <TEXT>Código_BCU__________________________</TEXT>
       <LINE>001</LINE>
       <COLUMN>004</COLUMN>
       <LENGTH>036</LENGTH>
       <VISLENGTH>010</VISLENGTH>
       <HEIGHT>001</HEIGHT>
       <FORMAT>CHAR</FORMAT>
       <FROM_DICT>X</FROM_DICT>
       <MODIFIC>F</MODIFIC>
       <REQU_ENTRY>N</REQU_ENTRY>
       <TC_HEADING>X</TC_HEADING>
      </RPY_DYFATC>
      <RPY_DYFATC>
       <CONT_TYPE>TABLE_CTRL</CONT_TYPE>
       <CONT_NAME>TCTRL_ZBCU_MONEDA_CONF</CONT_NAME>
       <TYPE>TEXT</TYPE>
       <NAME>*ZBCU_MONEDA_CONF-NOMBRE_MON_BCU</NAME>
       <TEXT>Nombre_Mon._BCU__________________________</TEXT>
       <LINE>001</LINE>
       <COLUMN>005</COLUMN>
       <LENGTH>041</LENGTH>
       <VISLENGTH>040</VISLENGTH>
       <HEIGHT>001</HEIGHT>
       <FORMAT>CHAR</FORMAT>
       <FROM_DICT>X</FROM_DICT>
       <MODIFIC>F</MODIFIC>
       <REQU_ENTRY>N</REQU_ENTRY>
       <TC_HEADING>X</TC_HEADING>
      </RPY_DYFATC>
      <RPY_DYFATC>
       <CONT_TYPE>TABLE_CTRL</CONT_TYPE>
       <CONT_NAME>TCTRL_ZBCU_MONEDA_CONF</CONT_NAME>
       <TYPE>TEXT</TYPE>
       <NAME>*ZBCU_MONEDA_CONF-ACTUALIZAR</NAME>
       <TEXT>Actualizar____________________________</TEXT>
       <LINE>001</LINE>
       <COLUMN>006</COLUMN>
       <LENGTH>038</LENGTH>
       <VISLENGTH>008</VISLENGTH>
       <HEIGHT>001</HEIGHT>
       <FORMAT>CHAR</FORMAT>
       <FROM_DICT>X</FROM_DICT>
       <MODIFIC>F</MODIFIC>
       <REQU_ENTRY>N</REQU_ENTRY>
       <TC_HEADING>X</TC_HEADING>
      </RPY_DYFATC>
      <RPY_DYFATC>
       <CONT_TYPE>TABLE_CTRL</CONT_TYPE>
       <CONT_NAME>TCTRL_ZBCU_MONEDA_CONF</CONT_NAME>
       <TYPE>TEXT</TYPE>
       <NAME>*ZBCU_MONEDA_CONF-COTIZACION_DIR</NAME>
       <LINE>001</LINE>
       <COLUMN>007</COLUMN>
       <LENGTH>040</LENGTH>
       <VISLENGTH>008</VISLENGTH>
       <HEIGHT>001</HEIGHT>
       <FORMAT>CHAR</FORMAT>
       <FROM_DICT>X</FROM_DICT>
       <MODIFIC>1</MODIFIC>
       <REQU_ENTRY>N</REQU_ENTRY>
       <TC_HEADING>X</TC_HEADING>
      </RPY_DYFATC>
      <RPY_DYFATC>
       <CONT_TYPE>TABLE_CTRL</CONT_TYPE>
       <CONT_NAME>TCTRL_ZBCU_MONEDA_CONF</CONT_NAME>
       <TYPE>TEXT</TYPE>
       <NAME>*ZBCU_MONEDA_CONF-COTIZACION_IND</NAME>
       <LINE>001</LINE>
       <COLUMN>008</COLUMN>
       <LENGTH>040</LENGTH>
       <VISLENGTH>008</VISLENGTH>
       <HEIGHT>001</HEIGHT>
       <FORMAT>CHAR</FORMAT>
       <FROM_DICT>X</FROM_DICT>
       <MODIFIC>1</MODIFIC>
       <REQU_ENTRY>N</REQU_ENTRY>
       <TC_HEADING>X</TC_HEADING>
      </RPY_DYFATC>
      <RPY_DYFATC>
       <CONT_TYPE>TABLE_CTRL</CONT_TYPE>
       <CONT_NAME>TCTRL_ZBCU_MONEDA_CONF</CONT_NAME>
       <TYPE>TEXT</TYPE>
       <NAME>*ZBCU_MONEDA_CONF-DOLAR_BILLETE</NAME>
       <TEXT>Dolar_Billete______________________________</TEXT>
       <LINE>001</LINE>
       <COLUMN>009</COLUMN>
       <LENGTH>043</LENGTH>
       <VISLENGTH>012</VISLENGTH>
       <HEIGHT>001</HEIGHT>
       <FORMAT>CHAR</FORMAT>
       <FROM_DICT>X</FROM_DICT>
       <MODIFIC>F</MODIFIC>
       <REQU_ENTRY>N</REQU_ENTRY>
       <TC_HEADING>X</TC_HEADING>
      </RPY_DYFATC>
      <RPY_DYFATC>
       <CONT_TYPE>TABLE_CTRL</CONT_TYPE>
       <CONT_NAME>TCTRL_ZBCU_MONEDA_CONF</CONT_NAME>
       <TYPE>TEXT</TYPE>
       <NAME>*ZBCU_MONEDA_CONF-ARBITRAJE_DIR</NAME>
       <TEXT>Arb.Dir.______________________________</TEXT>
       <LINE>001</LINE>
       <COLUMN>010</COLUMN>
       <LENGTH>038</LENGTH>
       <VISLENGTH>008</VISLENGTH>
       <HEIGHT>001</HEIGHT>
       <FORMAT>CHAR</FORMAT>
       <FROM_DICT>X</FROM_DICT>
       <MODIFIC>F</MODIFIC>
       <REQU_ENTRY>N</REQU_ENTRY>
       <TC_HEADING>X</TC_HEADING>
      </RPY_DYFATC>
      <RPY_DYFATC>
       <CONT_TYPE>TABLE_CTRL</CONT_TYPE>
       <CONT_NAME>TCTRL_ZBCU_MONEDA_CONF</CONT_NAME>
       <TYPE>TEXT</TYPE>
       <NAME>*ZBCU_MONEDA_CONF-ARBITRAJE_IND</NAME>
       <TEXT>Arb.Ind.______________________________</TEXT>
       <LINE>001</LINE>
       <COLUMN>011</COLUMN>
       <LENGTH>038</LENGTH>
       <VISLENGTH>008</VISLENGTH>
       <HEIGHT>001</HEIGHT>
       <FORMAT>CHAR</FORMAT>
       <FROM_DICT>X</FROM_DICT>
       <MODIFIC>F</MODIFIC>
       <REQU_ENTRY>N</REQU_ENTRY>
       <TC_HEADING>X</TC_HEADING>
      </RPY_DYFATC>
      <RPY_DYFATC>
       <CONT_TYPE>TABLE_CTRL</CONT_TYPE>
       <CONT_NAME>TCTRL_ZBCU_MONEDA_CONF</CONT_NAME>
       <TYPE>CHECK</TYPE>
       <NAME>VIM_MARKED</NAME>
       <LINE>001</LINE>
       <LENGTH>001</LENGTH>
       <VISLENGTH>001</VISLENGTH>
       <HEIGHT>001</HEIGHT>
       <FORMAT>CHAR</FORMAT>
       <INPUT_FLD>X</INPUT_FLD>
       <OUTPUT_FLD>X</OUTPUT_FLD>
       <TC_SELCOL>X</TC_SELCOL>
      </RPY_DYFATC>
      <RPY_DYFATC>
       <CONT_TYPE>TABLE_CTRL</CONT_TYPE>
       <CONT_NAME>TCTRL_ZBCU_MONEDA_CONF</CONT_NAME>
       <TYPE>TEMPLATE</TYPE>
       <NAME>ZBCU_MONEDA_CONF-TIPO_COTIZ</NAME>
       <TEXT>____</TEXT>
       <LINE>001</LINE>
       <COLUMN>001</COLUMN>
       <LENGTH>004</LENGTH>
       <VISLENGTH>004</VISLENGTH>
       <HEIGHT>001</HEIGHT>
       <GROUP1>KEY</GROUP1>
       <FORMAT>CHAR</FORMAT>
       <FROM_DICT>X</FROM_DICT>
       <MODIFIC>X</MODIFIC>
       <PARAM_ID>KUT</PARAM_ID>
       <OUTPUT_FLD>X</OUTPUT_FLD>
       <REQU_ENTRY>N</REQU_ENTRY>
      </RPY_DYFATC>
      <RPY_DYFATC>
       <CONT_TYPE>TABLE_CTRL</CONT_TYPE>
       <CONT_NAME>TCTRL_ZBCU_MONEDA_CONF</CONT_NAME>
       <TYPE>TEMPLATE</TYPE>
       <NAME>ZBCU_MONEDA_CONF-CODIGO_MON_SAP</NAME>
       <TEXT>_____</TEXT>
       <LINE>001</LINE>
       <COLUMN>002</COLUMN>
       <LENGTH>005</LENGTH>
       <VISLENGTH>010</VISLENGTH>
       <HEIGHT>001</HEIGHT>
       <GROUP1>KEY</GROUP1>
       <FORMAT>CUKY</FORMAT>
       <FROM_DICT>X</FROM_DICT>
       <MODIFIC>X</MODIFIC>
       <PARAM_ID>FWS</PARAM_ID>
       <OUTPUT_FLD>X</OUTPUT_FLD>
       <REQU_ENTRY>N</REQU_ENTRY>
      </RPY_DYFATC>
      <RPY_DYFATC>
       <CONT_TYPE>TABLE_CTRL</CONT_TYPE>
       <CONT_NAME>TCTRL_ZBCU_MONEDA_CONF</CONT_NAME>
       <TYPE>TEMPLATE</TYPE>
       <NAME>ZBCU_MONEDA_CONF-NOMBRE_MON_SAP</NAME>
       <LINE>001</LINE>
       <COLUMN>003</COLUMN>
       <LENGTH>040</LENGTH>
       <VISLENGTH>040</VISLENGTH>
       <HEIGHT>001</HEIGHT>
       <GROUP1>KEY</GROUP1>
       <FORMAT>CHAR</FORMAT>
       <FROM_DICT>X</FROM_DICT>
       <UP_LOWER>X</UP_LOWER>
       <OUTPUT_FLD>X</OUTPUT_FLD>
       <REQU_ENTRY>N</REQU_ENTRY>
      </RPY_DYFATC>
      <RPY_DYFATC>
       <CONT_TYPE>TABLE_CTRL</CONT_TYPE>
       <CONT_NAME>TCTRL_ZBCU_MONEDA_CONF</CONT_NAME>
       <TYPE>TEMPLATE</TYPE>
       <NAME>ZBCU_MONEDA_CONF-CODIGO_MON_BCU</NAME>
       <TEXT>______</TEXT>
       <LINE>001</LINE>
       <COLUMN>004</COLUMN>
       <LENGTH>006</LENGTH>
       <VISLENGTH>010</VISLENGTH>
       <HEIGHT>001</HEIGHT>
       <GROUP1>KEY</GROUP1>
       <FORMAT>INT2</FORMAT>
       <FROM_DICT>X</FROM_DICT>
       <MODIFIC>X</MODIFIC>
       <CONV_EXIT>ZBCU1</CONV_EXIT>
       <OUTPUT_FLD>X</OUTPUT_FLD>
       <REQU_ENTRY>N</REQU_ENTRY>
      </RPY_DYFATC>
      <RPY_DYFATC>
       <CONT_TYPE>TABLE_CTRL</CONT_TYPE>
       <CONT_NAME>TCTRL_ZBCU_MONEDA_CONF</CONT_NAME>
       <TYPE>TEMPLATE</TYPE>
       <NAME>ZBCU_MONEDA_CONF-NOMBRE_MON_BCU</NAME>
       <TEXT>____________________________________________________________________________________________________</TEXT>
       <ROLLING>X</ROLLING>
       <LINE>001</LINE>
       <COLUMN>005</COLUMN>
       <LENGTH>100</LENGTH>
       <VISLENGTH>040</VISLENGTH>
       <HEIGHT>001</HEIGHT>
       <GROUP1>KEY</GROUP1>
       <FORMAT>CHAR</FORMAT>
       <FROM_DICT>X</FROM_DICT>
       <MODIFIC>X</MODIFIC>
       <OUTPUT_FLD>X</OUTPUT_FLD>
       <REQU_ENTRY>N</REQU_ENTRY>
      </RPY_DYFATC>
      <RPY_DYFATC>
       <CONT_TYPE>TABLE_CTRL</CONT_TYPE>
       <CONT_NAME>TCTRL_ZBCU_MONEDA_CONF</CONT_NAME>
       <TYPE>CHECK</TYPE>
       <NAME>ZBCU_MONEDA_CONF-ACTUALIZAR</NAME>
       <LINE>001</LINE>
       <COLUMN>006</COLUMN>
       <LENGTH>001</LENGTH>
       <VISLENGTH>008</VISLENGTH>
       <HEIGHT>001</HEIGHT>
       <FORMAT>CHAR</FORMAT>
       <FROM_DICT>X</FROM_DICT>
       <MODIFIC>X</MODIFIC>
       <INPUT_FLD>X</INPUT_FLD>
       <OUTPUT_FLD>X</OUTPUT_FLD>
       <DICT_I_VAL>X</DICT_I_VAL>
      </RPY_DYFATC>
      <RPY_DYFATC>
       <CONT_TYPE>TABLE_CTRL</CONT_TYPE>
       <CONT_NAME>TCTRL_ZBCU_MONEDA_CONF</CONT_NAME>
       <TYPE>CHECK</TYPE>
       <NAME>ZBCU_MONEDA_CONF-COTIZACION_DIR</NAME>
       <LINE>001</LINE>
       <COLUMN>007</COLUMN>
       <LENGTH>001</LENGTH>
       <VISLENGTH>008</VISLENGTH>
       <HEIGHT>001</HEIGHT>
       <FORMAT>CHAR</FORMAT>
       <FROM_DICT>X</FROM_DICT>
       <MODIFIC>X</MODIFIC>
       <INPUT_FLD>X</INPUT_FLD>
       <OUTPUT_FLD>X</OUTPUT_FLD>
       <DICT_I_VAL>X</DICT_I_VAL>
      </RPY_DYFATC>
      <RPY_DYFATC>
       <CONT_TYPE>TABLE_CTRL</CONT_TYPE>
       <CONT_NAME>TCTRL_ZBCU_MONEDA_CONF</CONT_NAME>
       <TYPE>CHECK</TYPE>
       <NAME>ZBCU_MONEDA_CONF-COTIZACION_IND</NAME>
       <LINE>001</LINE>
       <COLUMN>008</COLUMN>
       <LENGTH>001</LENGTH>
       <VISLENGTH>008</VISLENGTH>
       <HEIGHT>001</HEIGHT>
       <FORMAT>CHAR</FORMAT>
       <FROM_DICT>X</FROM_DICT>
       <MODIFIC>X</MODIFIC>
       <INPUT_FLD>X</INPUT_FLD>
       <OUTPUT_FLD>X</OUTPUT_FLD>
       <DICT_I_VAL>X</DICT_I_VAL>
      </RPY_DYFATC>
      <RPY_DYFATC>
       <CONT_TYPE>TABLE_CTRL</CONT_TYPE>
       <CONT_NAME>TCTRL_ZBCU_MONEDA_CONF</CONT_NAME>
       <TYPE>CHECK</TYPE>
       <NAME>ZBCU_MONEDA_CONF-DOLAR_BILLETE</NAME>
       <LINE>001</LINE>
       <COLUMN>009</COLUMN>
       <LENGTH>001</LENGTH>
       <VISLENGTH>012</VISLENGTH>
       <HEIGHT>001</HEIGHT>
       <FORMAT>CHAR</FORMAT>
       <FROM_DICT>X</FROM_DICT>
       <MODIFIC>X</MODIFIC>
       <INPUT_FLD>X</INPUT_FLD>
       <OUTPUT_FLD>X</OUTPUT_FLD>
       <DICT_I_VAL>X</DICT_I_VAL>
      </RPY_DYFATC>
      <RPY_DYFATC>
       <CONT_TYPE>TABLE_CTRL</CONT_TYPE>
       <CONT_NAME>TCTRL_ZBCU_MONEDA_CONF</CONT_NAME>
       <TYPE>CHECK</TYPE>
       <NAME>ZBCU_MONEDA_CONF-ARBITRAJE_DIR</NAME>
       <LINE>001</LINE>
       <COLUMN>010</COLUMN>
       <LENGTH>001</LENGTH>
       <VISLENGTH>008</VISLENGTH>
       <HEIGHT>001</HEIGHT>
       <FORMAT>CHAR</FORMAT>
       <FROM_DICT>X</FROM_DICT>
       <MODIFIC>X</MODIFIC>
       <INPUT_FLD>X</INPUT_FLD>
       <OUTPUT_FLD>X</OUTPUT_FLD>
       <DICT_I_VAL>X</DICT_I_VAL>
      </RPY_DYFATC>
      <RPY_DYFATC>
       <CONT_TYPE>TABLE_CTRL</CONT_TYPE>
       <CONT_NAME>TCTRL_ZBCU_MONEDA_CONF</CONT_NAME>
       <TYPE>CHECK</TYPE>
       <NAME>ZBCU_MONEDA_CONF-ARBITRAJE_IND</NAME>
       <LINE>001</LINE>
       <COLUMN>011</COLUMN>
       <LENGTH>001</LENGTH>
       <VISLENGTH>008</VISLENGTH>
       <HEIGHT>001</HEIGHT>
       <FORMAT>CHAR</FORMAT>
       <FROM_DICT>X</FROM_DICT>
       <MODIFIC>X</MODIFIC>
       <INPUT_FLD>X</INPUT_FLD>
       <OUTPUT_FLD>X</OUTPUT_FLD>
       <DICT_I_VAL>X</DICT_I_VAL>
      </RPY_DYFATC>
     </FIELDS>
     <FLOW_LOGIC>
      <RPY_DYFLOW>
       <LINE>PROCESS BEFORE OUTPUT.</LINE>
      </RPY_DYFLOW>
      <RPY_DYFLOW>
       <LINE> MODULE LISTE_INITIALISIEREN.</LINE>
      </RPY_DYFLOW>
      <RPY_DYFLOW>
       <LINE> LOOP AT EXTRACT WITH CONTROL</LINE>
      </RPY_DYFLOW>
      <RPY_DYFLOW>
       <LINE>  TCTRL_ZBCU_MONEDA_CONF CURSOR NEXTLINE.</LINE>
      </RPY_DYFLOW>
      <RPY_DYFLOW>
       <LINE>   MODULE LISTE_SHOW_LISTE.</LINE>
      </RPY_DYFLOW>
      <RPY_DYFLOW>
       <LINE> ENDLOOP.</LINE>
      </RPY_DYFLOW>
      <RPY_DYFLOW>
       <LINE>*</LINE>
      </RPY_DYFLOW>
      <RPY_DYFLOW>
       <LINE>PROCESS AFTER INPUT.</LINE>
      </RPY_DYFLOW>
      <RPY_DYFLOW>
       <LINE> MODULE LISTE_EXIT_COMMAND AT EXIT-COMMAND.</LINE>
      </RPY_DYFLOW>
      <RPY_DYFLOW>
       <LINE> MODULE LISTE_BEFORE_LOOP.</LINE>
      </RPY_DYFLOW>
      <RPY_DYFLOW>
       <LINE> LOOP AT EXTRACT.</LINE>
      </RPY_DYFLOW>
      <RPY_DYFLOW>
       <LINE>   MODULE LISTE_INIT_WORKAREA.</LINE>
      </RPY_DYFLOW>
      <RPY_DYFLOW>
       <LINE>   CHAIN.</LINE>
      </RPY_DYFLOW>
      <RPY_DYFLOW>
       <LINE>    FIELD ZBCU_MONEDA_CONF-TIPO_COTIZ .</LINE>
      </RPY_DYFLOW>
      <RPY_DYFLOW>
       <LINE>    FIELD ZBCU_MONEDA_CONF-CODIGO_MON_SAP .</LINE>
      </RPY_DYFLOW>
      <RPY_DYFLOW>
       <LINE>    FIELD ZBCU_MONEDA_CONF-NOMBRE_MON_SAP .</LINE>
      </RPY_DYFLOW>
      <RPY_DYFLOW>
       <LINE>    FIELD ZBCU_MONEDA_CONF-CODIGO_MON_BCU .</LINE>
      </RPY_DYFLOW>
      <RPY_DYFLOW>
       <LINE>    FIELD ZBCU_MONEDA_CONF-NOMBRE_MON_BCU .</LINE>
      </RPY_DYFLOW>
      <RPY_DYFLOW>
       <LINE>    FIELD ZBCU_MONEDA_CONF-ACTUALIZAR .</LINE>
      </RPY_DYFLOW>
      <RPY_DYFLOW>
       <LINE>    FIELD ZBCU_MONEDA_CONF-COTIZACION_DIR .</LINE>
      </RPY_DYFLOW>
      <RPY_DYFLOW>
       <LINE>    FIELD ZBCU_MONEDA_CONF-COTIZACION_IND .</LINE>
      </RPY_DYFLOW>
      <RPY_DYFLOW>
       <LINE>    FIELD ZBCU_MONEDA_CONF-DOLAR_BILLETE .</LINE>
      </RPY_DYFLOW>
      <RPY_DYFLOW>
       <LINE>    FIELD ZBCU_MONEDA_CONF-ARBITRAJE_DIR .</LINE>
      </RPY_DYFLOW>
      <RPY_DYFLOW>
       <LINE>    FIELD ZBCU_MONEDA_CONF-ARBITRAJE_IND .</LINE>
      </RPY_DYFLOW>
      <RPY_DYFLOW>
       <LINE>    MODULE SET_UPDATE_FLAG ON CHAIN-REQUEST.</LINE>
      </RPY_DYFLOW>
      <RPY_DYFLOW>
       <LINE>   ENDCHAIN.</LINE>
      </RPY_DYFLOW>
      <RPY_DYFLOW>
       <LINE>   FIELD VIM_MARKED MODULE LISTE_MARK_CHECKBOX.</LINE>
      </RPY_DYFLOW>
      <RPY_DYFLOW>
       <LINE>   CHAIN.</LINE>
      </RPY_DYFLOW>
      <RPY_DYFLOW>
       <LINE>    FIELD ZBCU_MONEDA_CONF-TIPO_COTIZ .</LINE>
      </RPY_DYFLOW>
      <RPY_DYFLOW>
       <LINE>    FIELD ZBCU_MONEDA_CONF-CODIGO_MON_SAP .</LINE>
      </RPY_DYFLOW>
      <RPY_DYFLOW>
       <LINE>    FIELD ZBCU_MONEDA_CONF-NOMBRE_MON_SAP .</LINE>
      </RPY_DYFLOW>
      <RPY_DYFLOW>
       <LINE>    FIELD ZBCU_MONEDA_CONF-CODIGO_MON_BCU .</LINE>
      </RPY_DYFLOW>
      <RPY_DYFLOW>
       <LINE>    FIELD ZBCU_MONEDA_CONF-NOMBRE_MON_BCU .</LINE>
      </RPY_DYFLOW>
      <RPY_DYFLOW>
       <LINE>    MODULE LISTE_UPDATE_LISTE.</LINE>
      </RPY_DYFLOW>
      <RPY_DYFLOW>
       <LINE>   ENDCHAIN.</LINE>
      </RPY_DYFLOW>
      <RPY_DYFLOW>
       <LINE> ENDLOOP.</LINE>
      </RPY_DYFLOW>
      <RPY_DYFLOW>
       <LINE> MODULE LISTE_AFTER_LOOP.</LINE>
      </RPY_DYFLOW>
     </FLOW_LOGIC>
    </item>
    <item>
     <HEADER>
      <PROGRAM>SAPLZBCU</PROGRAM>
      <SCREEN>0004</SCREEN>
      <LANGUAGE>S</LANGUAGE>
      <DESCRIPT>Act.vistas: Im.detall. ZBCU_MONEDA_CONF</DESCRIPT>
      <TYPE>N</TYPE>
      <NEXTSCREEN>0004</NEXTSCREEN>
      <LINES>061</LINES>
      <COLUMNS>083</COLUMNS>
     </HEADER>
     <CONTAINERS>
      <RPY_DYCATT>
       <TYPE>SCREEN</TYPE>
       <NAME>SCREEN</NAME>
      </RPY_DYCATT>
     </CONTAINERS>
     <FIELDS>
      <RPY_DYFATC>
       <CONT_TYPE>SCREEN</CONT_TYPE>
       <CONT_NAME>SCREEN</CONT_NAME>
       <TYPE>TEXT</TYPE>
       <NAME>ZBCU_MONEDA_CONF-CODIGO_MON_BCU</NAME>
       <LINE>001</LINE>
       <COLUMN>001</COLUMN>
       <LENGTH>011</LENGTH>
       <VISLENGTH>011</VISLENGTH>
       <HEIGHT>001</HEIGHT>
       <FORMAT>CHAR</FORMAT>
       <FROM_DICT>X</FROM_DICT>
       <MODIFIC>2</MODIFIC>
       <REQU_ENTRY>N</REQU_ENTRY>
       <LABELLEFT>X</LABELLEFT>
      </RPY_DYFATC>
      <RPY_DYFATC>
       <CONT_TYPE>SCREEN</CONT_TYPE>
       <CONT_NAME>SCREEN</CONT_NAME>
       <TYPE>TEMPLATE</TYPE>
       <NAME>ZBCU_MONEDA_CONF-CODIGO_MON_BCU</NAME>
       <LINE>001</LINE>
       <COLUMN>013</COLUMN>
       <LENGTH>006</LENGTH>
       <VISLENGTH>006</VISLENGTH>
       <HEIGHT>001</HEIGHT>
       <GROUP1>KEY</GROUP1>
       <FORMAT>INT2</FORMAT>
       <FROM_DICT>X</FROM_DICT>
       <CONV_EXIT>ZBCU1</CONV_EXIT>
       <OUTPUT_FLD>X</OUTPUT_FLD>
       <REQU_ENTRY>N</REQU_ENTRY>
      </RPY_DYFATC>
      <RPY_DYFATC>
       <CONT_TYPE>SCREEN</CONT_TYPE>
       <CONT_NAME>SCREEN</CONT_NAME>
       <TYPE>FRAME_TMPL</TYPE>
       <NAME>VIM_FRAME_FIELD</NAME>
       <TEXT>___________________________________________________________________________________</TEXT>
       <LINE>003</LINE>
       <COLUMN>001</COLUMN>
       <LENGTH>083</LENGTH>
       <VISLENGTH>083</VISLENGTH>
       <HEIGHT>006</HEIGHT>
       <FORMAT>CHAR</FORMAT>
       <UP_LOWER>X</UP_LOWER>
       <OUTPUT_FLD>X</OUTPUT_FLD>
       <REQU_ENTRY>N</REQU_ENTRY>
      </RPY_DYFATC>
      <RPY_DYFATC>
       <CONT_TYPE>SCREEN</CONT_TYPE>
       <CONT_NAME>SCREEN</CONT_NAME>
       <TYPE>TEXT</TYPE>
       <NAME>ZBCU_MONEDA_CONF-NOMBRE_MON_BCU</NAME>
       <LINE>004</LINE>
       <COLUMN>002</COLUMN>
       <LENGTH>011</LENGTH>
       <VISLENGTH>011</VISLENGTH>
       <HEIGHT>001</HEIGHT>
       <FORMAT>CHAR</FORMAT>
       <FROM_DICT>X</FROM_DICT>
       <MODIFIC>2</MODIFIC>
       <REQU_ENTRY>N</REQU_ENTRY>
       <LABELLEFT>X</LABELLEFT>
      </RPY_DYFATC>
      <RPY_DYFATC>
       <CONT_TYPE>SCREEN</CONT_TYPE>
       <CONT_NAME>SCREEN</CONT_NAME>
       <TYPE>TEMPLATE</TYPE>
       <NAME>ZBCU_MONEDA_CONF-NOMBRE_MON_BCU</NAME>
       <ROLLING>X</ROLLING>
       <LINE>004</LINE>
       <COLUMN>014</COLUMN>
       <LENGTH>100</LENGTH>
       <VISLENGTH>068</VISLENGTH>
       <HEIGHT>001</HEIGHT>
       <FORMAT>CHAR</FORMAT>
       <FROM_DICT>X</FROM_DICT>
       <INPUT_FLD>X</INPUT_FLD>
       <OUTPUT_FLD>X</OUTPUT_FLD>
      </RPY_DYFATC>
      <RPY_DYFATC>
       <CONT_TYPE>SCREEN</CONT_TYPE>
       <CONT_NAME>SCREEN</CONT_NAME>
       <TYPE>TEXT</TYPE>
       <NAME>ZBCU_MONEDA_CONF-CODIGO_MON_SAP</NAME>
       <LINE>005</LINE>
       <COLUMN>002</COLUMN>
       <LENGTH>015</LENGTH>
       <VISLENGTH>015</VISLENGTH>
       <HEIGHT>001</HEIGHT>
       <FORMAT>CHAR</FORMAT>
       <FROM_DICT>X</FROM_DICT>
       <MODIFIC>2</MODIFIC>
       <REQU_ENTRY>N</REQU_ENTRY>
       <LABELLEFT>X</LABELLEFT>
      </RPY_DYFATC>
      <RPY_DYFATC>
       <CONT_TYPE>SCREEN</CONT_TYPE>
       <CONT_NAME>SCREEN</CONT_NAME>
       <TYPE>TEMPLATE</TYPE>
       <NAME>ZBCU_MONEDA_CONF-CODIGO_MON_SAP</NAME>
       <ROLLING>X</ROLLING>
       <LINE>005</LINE>
       <COLUMN>018</COLUMN>
       <LENGTH>005</LENGTH>
       <VISLENGTH>005</VISLENGTH>
       <HEIGHT>001</HEIGHT>
       <FORMAT>CUKY</FORMAT>
       <FROM_DICT>X</FROM_DICT>
       <PARAM_ID>FWS</PARAM_ID>
       <INPUT_FLD>X</INPUT_FLD>
       <OUTPUT_FLD>X</OUTPUT_FLD>
      </RPY_DYFATC>
      <RPY_DYFATC>
       <CONT_TYPE>SCREEN</CONT_TYPE>
       <CONT_NAME>SCREEN</CONT_NAME>
       <TYPE>TEXT</TYPE>
       <NAME>ZBCU_MONEDA_CONF-NOMBRE_MON_SAP</NAME>
       <LINE>006</LINE>
       <COLUMN>002</COLUMN>
       <LENGTH>015</LENGTH>
       <VISLENGTH>015</VISLENGTH>
       <HEIGHT>001</HEIGHT>
       <FORMAT>CHAR</FORMAT>
       <FROM_DICT>X</FROM_DICT>
       <MODIFIC>2</MODIFIC>
       <REQU_ENTRY>N</REQU_ENTRY>
       <LABELLEFT>X</LABELLEFT>
      </RPY_DYFATC>
      <RPY_DYFATC>
       <CONT_TYPE>SCREEN</CONT_TYPE>
       <CONT_NAME>SCREEN</CONT_NAME>
       <TYPE>TEMPLATE</TYPE>
       <NAME>ZBCU_MONEDA_CONF-NOMBRE_MON_SAP</NAME>
       <ROLLING>X</ROLLING>
       <LINE>006</LINE>
       <COLUMN>018</COLUMN>
       <LENGTH>040</LENGTH>
       <VISLENGTH>020</VISLENGTH>
       <HEIGHT>001</HEIGHT>
       <FORMAT>CHAR</FORMAT>
       <FROM_DICT>X</FROM_DICT>
       <UP_LOWER>X</UP_LOWER>
       <INPUT_FLD>X</INPUT_FLD>
       <OUTPUT_FLD>X</OUTPUT_FLD>
      </RPY_DYFATC>
      <RPY_DYFATC>
       <CONT_TYPE>SCREEN</CONT_TYPE>
       <CONT_NAME>SCREEN</CONT_NAME>
       <TYPE>CHECK</TYPE>
       <NAME>ZBCU_MONEDA_CONF-ACTUALIZAR</NAME>
       <LINE>007</LINE>
       <COLUMN>002</COLUMN>
       <LENGTH>013</LENGTH>
       <VISLENGTH>013</VISLENGTH>
       <HEIGHT>001</HEIGHT>
       <FORMAT>CHAR</FORMAT>
       <FROM_DICT>X</FROM_DICT>
       <MODIFIC>2</MODIFIC>
       <INPUT_FLD>X</INPUT_FLD>
       <OUTPUT_FLD>X</OUTPUT_FLD>
       <DICT_I_VAL>X</DICT_I_VAL>
      </RPY_DYFATC>
      <RPY_DYFATC>
       <CONT_TYPE>SCREEN</CONT_TYPE>
       <CONT_NAME>SCREEN</CONT_NAME>
       <TYPE>OKCODE</TYPE>
       <NAME>OK_CODE</NAME>
       <TEXT>____________________</TEXT>
       <LENGTH>020</LENGTH>
       <VISLENGTH>020</VISLENGTH>
       <HEIGHT>001</HEIGHT>
       <FORMAT>CHAR</FORMAT>
       <INPUT_FLD>X</INPUT_FLD>
      </RPY_DYFATC>
     </FIELDS>
     <FLOW_LOGIC>
      <RPY_DYFLOW>
       <LINE>PROCESS BEFORE OUTPUT.</LINE>
      </RPY_DYFLOW>
      <RPY_DYFLOW>
       <LINE> MODULE detail_init.</LINE>
      </RPY_DYFLOW>
      <RPY_DYFLOW>
       <LINE>*</LINE>
      </RPY_DYFLOW>
      <RPY_DYFLOW>
       <LINE>PROCESS AFTER INPUT.</LINE>
      </RPY_DYFLOW>
      <RPY_DYFLOW>
       <LINE> MODULE DETAIL_EXIT_COMMAND AT EXIT-COMMAND.</LINE>
      </RPY_DYFLOW>
      <RPY_DYFLOW>
       <LINE> MODULE DETAIL_SET_PFSTATUS.</LINE>
      </RPY_DYFLOW>
      <RPY_DYFLOW>
       <LINE> CHAIN.</LINE>
      </RPY_DYFLOW>
      <RPY_DYFLOW>
       <LINE>    FIELD ZBCU_MONEDA_CONF-CODIGO_MON_BCU .</LINE>
      </RPY_DYFLOW>
      <RPY_DYFLOW>
       <LINE>    FIELD ZBCU_MONEDA_CONF-NOMBRE_MON_BCU .</LINE>
      </RPY_DYFLOW>
      <RPY_DYFLOW>
       <LINE>    FIELD ZBCU_MONEDA_CONF-CODIGO_MON_SAP .</LINE>
      </RPY_DYFLOW>
      <RPY_DYFLOW>
       <LINE>    FIELD ZBCU_MONEDA_CONF-NOMBRE_MON_SAP .</LINE>
      </RPY_DYFLOW>
      <RPY_DYFLOW>
       <LINE>    FIELD ZBCU_MONEDA_CONF-ACTUALIZAR .</LINE>
      </RPY_DYFLOW>
      <RPY_DYFLOW>
       <LINE>  MODULE SET_UPDATE_FLAG ON CHAIN-REQUEST.</LINE>
      </RPY_DYFLOW>
      <RPY_DYFLOW>
       <LINE> endchain.</LINE>
      </RPY_DYFLOW>
      <RPY_DYFLOW>
       <LINE> chain.</LINE>
      </RPY_DYFLOW>
      <RPY_DYFLOW>
       <LINE>    FIELD ZBCU_MONEDA_CONF-CODIGO_MON_BCU .</LINE>
      </RPY_DYFLOW>
      <RPY_DYFLOW>
       <LINE>  module detail_pai.</LINE>
      </RPY_DYFLOW>
      <RPY_DYFLOW>
       <LINE> endchain.</LINE>
      </RPY_DYFLOW>
     </FLOW_LOGIC>
    </item>
   </DYNPROS>
  </asx:values>
 </asx:abap>
</abapGit>
