﻿<?xml version="1.0" encoding="utf-8"?>
<abapGit version="v1.0.0" serializer="LCL_OBJECT_TABL" serializer_version="v1.0.0">
 <asx:abap xmlns:asx="http://www.sap.com/abapxml" version="1.0">
  <asx:values>
   <DD02V>
    <TABNAME>ZBCU_MONEDA_CONF</TABNAME>
    <DDLANGUAGE>S</DDLANGUAGE>
    <TABCLASS>TRANSP</TABCLASS>
    <CLIDEP>X</CLIDEP>
    <DDTEXT>Configuración de cotización de monedas</DDTEXT>
    <MAINFLAG>X</MAINFLAG>
    <CONTFLAG>A</CONTFLAG>
    <EXCLASS>1</EXCLASS>
   </DD02V>
   <DD09L>
    <TABNAME>ZBCU_MONEDA_CONF</TABNAME>
    <AS4LOCAL>A</AS4LOCAL>
    <TABKAT>0</TABKAT>
    <TABART>APPL0</TABART>
    <BUFALLOW>N</BUFALLOW>
   </DD09L>
   <DD03P_TABLE>
    <DD03P>
     <FIELDNAME>MANDT</FIELDNAME>
     <KEYFLAG>X</KEYFLAG>
     <ROLLNAME>MANDT</ROLLNAME>
     <ADMINFIELD>0</ADMINFIELD>
     <NOTNULL>X</NOTNULL>
     <COMPTYPE>E</COMPTYPE>
    </DD03P>
    <DD03P>
     <FIELDNAME>TIPO_COTIZ</FIELDNAME>
     <KEYFLAG>X</KEYFLAG>
     <ROLLNAME>KURST</ROLLNAME>
     <ADMINFIELD>0</ADMINFIELD>
     <NOTNULL>X</NOTNULL>
     <SHLPORIGIN>X</SHLPORIGIN>
     <COMPTYPE>E</COMPTYPE>
    </DD03P>
    <DD03P>
     <FIELDNAME>CODIGO_MON_SAP</FIELDNAME>
     <KEYFLAG>X</KEYFLAG>
     <ROLLNAME>WAERS</ROLLNAME>
     <ADMINFIELD>0</ADMINFIELD>
     <NOTNULL>X</NOTNULL>
     <SHLPORIGIN>X</SHLPORIGIN>
     <COMPTYPE>E</COMPTYPE>
    </DD03P>
    <DD03P>
     <FIELDNAME>NOMBRE_MON_SAP</FIELDNAME>
     <KEYFLAG>X</KEYFLAG>
     <ROLLNAME>LTEXT</ROLLNAME>
     <ADMINFIELD>0</ADMINFIELD>
     <NOTNULL>X</NOTNULL>
     <COMPTYPE>E</COMPTYPE>
    </DD03P>
    <DD03P>
     <FIELDNAME>CODIGO_MON_BCU</FIELDNAME>
     <KEYFLAG>X</KEYFLAG>
     <ROLLNAME>ZED_BCU_COD_MON</ROLLNAME>
     <ADMINFIELD>0</ADMINFIELD>
     <NOTNULL>X</NOTNULL>
     <SHLPORIGIN>X</SHLPORIGIN>
     <COMPTYPE>E</COMPTYPE>
    </DD03P>
    <DD03P>
     <FIELDNAME>NOMBRE_MON_BCU</FIELDNAME>
     <KEYFLAG>X</KEYFLAG>
     <ROLLNAME>ZED_BCU_NOM_MON</ROLLNAME>
     <ADMINFIELD>0</ADMINFIELD>
     <NOTNULL>X</NOTNULL>
     <COMPTYPE>E</COMPTYPE>
    </DD03P>
    <DD03P>
     <FIELDNAME>ACTUALIZAR</FIELDNAME>
     <ROLLNAME>ZED_BCU_ACTUALIZAR</ROLLNAME>
     <ADMINFIELD>0</ADMINFIELD>
     <VALEXI>X</VALEXI>
     <SHLPORIGIN>F</SHLPORIGIN>
     <COMPTYPE>E</COMPTYPE>
    </DD03P>
    <DD03P>
     <FIELDNAME>COTIZACION_DIR</FIELDNAME>
     <ROLLNAME>ZED_BCU_DIRECTA</ROLLNAME>
     <ADMINFIELD>0</ADMINFIELD>
     <VALEXI>X</VALEXI>
     <SHLPORIGIN>F</SHLPORIGIN>
     <COMPTYPE>E</COMPTYPE>
    </DD03P>
    <DD03P>
     <FIELDNAME>COTIZACION_IND</FIELDNAME>
     <ROLLNAME>ZED_BCU_INDIRECTA</ROLLNAME>
     <ADMINFIELD>0</ADMINFIELD>
     <VALEXI>X</VALEXI>
     <SHLPORIGIN>F</SHLPORIGIN>
     <COMPTYPE>E</COMPTYPE>
    </DD03P>
    <DD03P>
     <FIELDNAME>DOLAR_BILLETE</FIELDNAME>
     <ROLLNAME>FLAG</ROLLNAME>
     <ADMINFIELD>0</ADMINFIELD>
     <VALEXI>X</VALEXI>
     <SHLPORIGIN>F</SHLPORIGIN>
     <COMPTYPE>E</COMPTYPE>
    </DD03P>
    <DD03P>
     <FIELDNAME>ARBITRAJE_DIR</FIELDNAME>
     <ROLLNAME>ZED_BCU_DIRECTA</ROLLNAME>
     <ADMINFIELD>0</ADMINFIELD>
     <VALEXI>X</VALEXI>
     <SHLPORIGIN>F</SHLPORIGIN>
     <COMPTYPE>E</COMPTYPE>
    </DD03P>
    <DD03P>
     <FIELDNAME>ARBITRAJE_IND</FIELDNAME>
     <ROLLNAME>ZED_BCU_INDIRECTA</ROLLNAME>
     <ADMINFIELD>0</ADMINFIELD>
     <VALEXI>X</VALEXI>
     <SHLPORIGIN>F</SHLPORIGIN>
     <COMPTYPE>E</COMPTYPE>
    </DD03P>
   </DD03P_TABLE>
   <DD35V_TALE>
    <DD35V>
     <FIELDNAME>CODIGO_MON_BCU</FIELDNAME>
     <SHLPNAME>ZAB_BCU_COD_MON</SHLPNAME>
    </DD35V>
    <DD35V>
     <FIELDNAME>CODIGO_MON_SAP</FIELDNAME>
     <SHLPNAME>FC_WAERS</SHLPNAME>
    </DD35V>
    <DD35V>
     <FIELDNAME>TIPO_COTIZ</FIELDNAME>
     <SHLPNAME>H_KURST</SHLPNAME>
    </DD35V>
   </DD35V_TALE>
   <DD36M>
    <DD36M>
     <FIELDNAME>CODIGO_MON_BCU</FIELDNAME>
     <SHLPNAME>ZAB_BCU_COD_MON</SHLPNAME>
     <SHLPFIELD>CODIGO</SHLPFIELD>
     <FLPOSITION>0001</FLPOSITION>
     <SHTABLE>ZBCU_MONEDA_CONF</SHTABLE>
     <SHFIELD>CODIGO_MON_BCU</SHFIELD>
     <SHLPINPUT>X</SHLPINPUT>
     <SHLPOUTPUT>X</SHLPOUTPUT>
     <ROLLNAME>ZED_BCU_COD_MON</ROLLNAME>
     <DOMNAME>ZDO_BCU_COD_MON</DOMNAME>
     <DATATYPE>INT2</DATATYPE>
     <LENG>000005</LENG>
    </DD36M>
    <DD36M>
     <FIELDNAME>CODIGO_MON_BCU</FIELDNAME>
     <SHLPNAME>ZAB_BCU_COD_MON</SHLPNAME>
     <SHLPFIELD>NOMBRE</SHLPFIELD>
     <FLPOSITION>0002</FLPOSITION>
     <SHTABLE>ZBCU_MONEDA_CONF</SHTABLE>
     <SHFIELD>NOMBRE_MON_BCU</SHFIELD>
     <SHLPOUTPUT>X</SHLPOUTPUT>
     <ROLLNAME>ZED_BCU_NOM_MON</ROLLNAME>
     <DATATYPE>CHAR</DATATYPE>
     <LENG>000100</LENG>
    </DD36M>
    <DD36M>
     <FIELDNAME>CODIGO_MON_SAP</FIELDNAME>
     <SHLPNAME>FC_WAERS</SHLPNAME>
     <SHLPFIELD>KTEXT</SHLPFIELD>
     <FLPOSITION>0002</FLPOSITION>
     <SHTABLE>ZBCU_MONEDA_CONF</SHTABLE>
     <SHFIELD>NOMBRE_MON_SAP</SHFIELD>
     <SHLPOUTPUT>X</SHLPOUTPUT>
     <ROLLNAME>KTEXT_CURT</ROLLNAME>
     <DOMNAME>TEXT15</DOMNAME>
     <DATATYPE>CHAR</DATATYPE>
     <LENG>000015</LENG>
    </DD36M>
    <DD36M>
     <FIELDNAME>CODIGO_MON_SAP</FIELDNAME>
     <SHLPNAME>FC_WAERS</SHLPNAME>
     <SHLPFIELD>LTEXT</SHLPFIELD>
     <FLPOSITION>0003</FLPOSITION>
     <SHTYPE>G</SHTYPE>
     <SHLPOUTPUT>X</SHLPOUTPUT>
     <ROLLNAME>LTEXT</ROLLNAME>
     <DOMNAME>TEXT40</DOMNAME>
     <DATATYPE>CHAR</DATATYPE>
     <LENG>000040</LENG>
    </DD36M>
    <DD36M>
     <FIELDNAME>CODIGO_MON_SAP</FIELDNAME>
     <SHLPNAME>FC_WAERS</SHLPNAME>
     <SHLPFIELD>WAERS</SHLPFIELD>
     <FLPOSITION>0001</FLPOSITION>
     <SHTABLE>ZBCU_MONEDA_CONF</SHTABLE>
     <SHFIELD>CODIGO_MON_SAP</SHFIELD>
     <SHLPINPUT>X</SHLPINPUT>
     <SHLPOUTPUT>X</SHLPOUTPUT>
     <ROLLNAME>WAERS_CURC</ROLLNAME>
     <DOMNAME>WAERS</DOMNAME>
     <DATATYPE>CUKY</DATATYPE>
     <LENG>000005</LENG>
    </DD36M>
    <DD36M>
     <FIELDNAME>TIPO_COTIZ</FIELDNAME>
     <SHLPNAME>H_KURST</SHLPNAME>
     <SHLPFIELD>CURVW</SHLPFIELD>
     <FLPOSITION>0002</FLPOSITION>
     <SHTYPE>G</SHTYPE>
     <SHLPINPUT>X</SHLPINPUT>
     <SHLPOUTPUT>X</SHLPOUTPUT>
     <ROLLNAME>CURVW</ROLLNAME>
     <DOMNAME>TEXT40</DOMNAME>
     <DATATYPE>CHAR</DATATYPE>
     <LENG>000040</LENG>
    </DD36M>
    <DD36M>
     <FIELDNAME>TIPO_COTIZ</FIELDNAME>
     <SHLPNAME>H_KURST</SHLPNAME>
     <SHLPFIELD>KURST</SHLPFIELD>
     <FLPOSITION>0001</FLPOSITION>
     <SHTABLE>ZBCU_MONEDA_CONF</SHTABLE>
     <SHFIELD>TIPO_COTIZ</SHFIELD>
     <SHLPINPUT>X</SHLPINPUT>
     <SHLPOUTPUT>X</SHLPOUTPUT>
     <ROLLNAME>KURST_CURR</ROLLNAME>
     <DOMNAME>KURST</DOMNAME>
     <DATATYPE>CHAR</DATATYPE>
     <LENG>000004</LENG>
    </DD36M>
   </DD36M>
   <I18N_LANGS>
    <LANGU>E</LANGU>
   </I18N_LANGS>
   <DD02_TEXTS>
    <item>
     <DDLANGUAGE>E</DDLANGUAGE>
     <DDTEXT>Configuración de cotización de monedas</DDTEXT>
    </item>
   </DD02_TEXTS>
   <TABL_EXTRAS>
    <TDDAT>
     <TABNAME>ZBCU_MONEDA_CONF</TABNAME>
     <CCLASS>&amp;NC&amp;</CCLASS>
    </TDDAT>
   </TABL_EXTRAS>
  </asx:values>
 </asx:abap>
</abapGit>
