﻿<?xml version="1.0" encoding="utf-8"?>
<abapGit version="v1.0.0" serializer="LCL_OBJECT_PROG" serializer_version="v1.0.0">
 <asx:abap xmlns:asx="http://www.sap.com/abapxml" version="1.0">
  <asx:values>
   <PROGDIR>
    <NAME>ZBCU_LISTA_COTIZACIONES</NAME>
    <SUBC>1</SUBC>
    <RLOAD>S</RLOAD>
    <FIXPT>X</FIXPT>
    <UCCHECK>X</UCCHECK>
   </PROGDIR>
   <TPOOL>
    <item>
     <ID>I</ID>
     <KEY>001</KEY>
     <ENTRY>Fecha desde</ENTRY>
     <LENGTH>11</LENGTH>
    </item>
    <item>
     <ID>I</ID>
     <KEY>002</KEY>
     <ENTRY>Fecha hasta</ENTRY>
     <LENGTH>11</LENGTH>
    </item>
    <item>
     <ID>R</ID>
     <ENTRY>Reporte de Cotizaciones</ENTRY>
     <LENGTH>23</LENGTH>
    </item>
    <item>
     <ID>S</ID>
     <KEY>P_FECDES</KEY>
     <ENTRY>Fecha desde</ENTRY>
     <LENGTH>19</LENGTH>
    </item>
    <item>
     <ID>S</ID>
     <KEY>P_FECHAS</KEY>
     <ENTRY>Fecha hasta</ENTRY>
     <LENGTH>19</LENGTH>
    </item>
    <item>
     <ID>S</ID>
     <KEY>P_MONEDA</KEY>
     <ENTRY>Moneda</ENTRY>
     <LENGTH>14</LENGTH>
    </item>
   </TPOOL>
   <I18N_TPOOL>
    <item>
     <LANGUAGE>E</LANGUAGE>
     <TEXTPOOL>
      <item>
       <ID>I</ID>
       <KEY>001</KEY>
       <ENTRY>Fecha desde</ENTRY>
       <LENGTH>11</LENGTH>
      </item>
      <item>
       <ID>I</ID>
       <KEY>002</KEY>
       <ENTRY>Fecha hasta</ENTRY>
       <LENGTH>11</LENGTH>
      </item>
      <item>
       <ID>R</ID>
       <ENTRY>Reporte de Cotizaciones</ENTRY>
       <LENGTH>70</LENGTH>
      </item>
      <item>
       <ID>S</ID>
       <KEY>P_FECDES</KEY>
       <ENTRY>Fecha desde</ENTRY>
       <LENGTH>19</LENGTH>
      </item>
      <item>
       <ID>S</ID>
       <KEY>P_FECHAS</KEY>
       <ENTRY>Fecha hasta</ENTRY>
       <LENGTH>19</LENGTH>
      </item>
      <item>
       <ID>S</ID>
       <KEY>P_MONEDA</KEY>
       <ENTRY>Moneda</ENTRY>
       <LENGTH>14</LENGTH>
      </item>
     </TEXTPOOL>
    </item>
   </I18N_TPOOL>
  </asx:values>
 </asx:abap>
</abapGit>
