﻿<?xml version="1.0" encoding="utf-8"?>
<abapGit version="v1.0.0" serializer="LCL_OBJECT_DOMA" serializer_version="v1.0.0">
 <asx:abap xmlns:asx="http://www.sap.com/abapxml" version="1.0">
  <asx:values>
   <DD01V>
    <DOMNAME>ZDO_BCU_COD_MON</DOMNAME>
    <DDLANGUAGE>S</DDLANGUAGE>
    <DATATYPE>INT2</DATATYPE>
    <LENG>000005</LENG>
    <OUTPUTLEN>000006</OUTPUTLEN>
    <ENTITYTAB>ZBCU_MONEDAS</ENTITYTAB>
    <CONVEXIT>ZBCU1</CONVEXIT>
    <DDTEXT>Monedas BCU</DDTEXT>
   </DD01V>
  </asx:values>
 </asx:abap>
</abapGit>
