﻿<?xml version="1.0" encoding="utf-8"?>
<abapGit version="v1.0.0" serializer="LCL_OBJECT_DOMA" serializer_version="v1.0.0">
 <asx:abap xmlns:asx="http://www.sap.com/abapxml" version="1.0">
  <asx:values>
   <DD01V>
    <DOMNAME>ZDO_BCU_ESTADO_EJEC</DOMNAME>
    <DDLANGUAGE>S</DDLANGUAGE>
    <DATATYPE>INT1</DATATYPE>
    <LENG>000003</LENG>
    <OUTPUTLEN>000003</OUTPUTLEN>
    <VALEXI>X</VALEXI>
    <DDTEXT>Estado de ejecución</DDTEXT>
   </DD01V>
   <DD07V_TAB>
    <DD07V>
     <VALPOS>0001</VALPOS>
     <DDLANGUAGE>S</DDLANGUAGE>
     <DOMVALUE_L>0</DOMVALUE_L>
     <DDTEXT>Exito</DDTEXT>
    </DD07V>
    <DD07V>
     <VALPOS>0002</VALPOS>
     <DDLANGUAGE>S</DDLANGUAGE>
     <DOMVALUE_L>1</DOMVALUE_L>
     <DDTEXT>Error Interno</DDTEXT>
    </DD07V>
    <DD07V>
     <VALPOS>0003</VALPOS>
     <DDLANGUAGE>S</DDLANGUAGE>
     <DOMVALUE_L>2</DOMVALUE_L>
     <DDTEXT>Advertencia</DDTEXT>
    </DD07V>
    <DD07V>
     <VALPOS>0004</VALPOS>
     <DDLANGUAGE>S</DDLANGUAGE>
     <DOMVALUE_L>3</DOMVALUE_L>
     <DDTEXT>Error falta cotización</DDTEXT>
    </DD07V>
   </DD07V_TAB>
  </asx:values>
 </asx:abap>
</abapGit>
