﻿<?xml version="1.0" encoding="utf-8"?>
<abapGit version="v1.0.0" serializer="LCL_OBJECT_DTEL" serializer_version="v1.0.0">
 <asx:abap xmlns:asx="http://www.sap.com/abapxml" version="1.0">
  <asx:values>
   <DD04V>
    <ROLLNAME>ZED_BCU_ARBITRAJE</ROLLNAME>
    <DDLANGUAGE>S</DDLANGUAGE>
    <DOMNAME>FLAG</DOMNAME>
    <HEADLEN>09</HEADLEN>
    <SCRLEN1>10</SCRLEN1>
    <SCRLEN2>15</SCRLEN2>
    <SCRLEN3>20</SCRLEN3>
    <DDTEXT>Arbitraje BCU</DDTEXT>
    <REPTEXT>Arbitraje</REPTEXT>
    <SCRTEXT_S>Arb.</SCRTEXT_S>
    <SCRTEXT_M>Arbitraje</SCRTEXT_M>
    <SCRTEXT_L>Arbitraje</SCRTEXT_L>
    <DTELMASTER>S</DTELMASTER>
    <REFKIND>D</REFKIND>
   </DD04V>
  </asx:values>
 </asx:abap>
</abapGit>
