﻿<?xml version="1.0" encoding="utf-8"?>
<abapGit version="v1.0.0" serializer="LCL_OBJECT_DTEL" serializer_version="v1.0.0">
 <asx:abap xmlns:asx="http://www.sap.com/abapxml" version="1.0">
  <asx:values>
   <DD04V>
    <ROLLNAME>ZED_BCU_DIRECTA</ROLLNAME>
    <DDLANGUAGE>S</DDLANGUAGE>
    <DOMNAME>FLAG</DOMNAME>
    <HEADLEN>20</HEADLEN>
    <SCRLEN1>08</SCRLEN1>
    <SCRLEN2>12</SCRLEN2>
    <SCRLEN3>20</SCRLEN3>
    <DDTEXT>Carga Directa en SAP</DDTEXT>
    <REPTEXT>Carga Directa</REPTEXT>
    <SCRTEXT_S>Directa</SCRTEXT_S>
    <SCRTEXT_M>Carg.Directa</SCRTEXT_M>
    <SCRTEXT_L>Carga Directa</SCRTEXT_L>
    <DTELMASTER>S</DTELMASTER>
    <REFKIND>D</REFKIND>
   </DD04V>
  </asx:values>
 </asx:abap>
</abapGit>
