﻿<?xml version="1.0" encoding="utf-8"?>
<abapGit version="v1.0.0" serializer="LCL_OBJECT_DTEL" serializer_version="v1.0.0">
 <asx:abap xmlns:asx="http://www.sap.com/abapxml" version="1.0">
  <asx:values>
   <DD04V>
    <ROLLNAME>ZED_BCU_ACTUALIZAR</ROLLNAME>
    <DDLANGUAGE>S</DDLANGUAGE>
    <DOMNAME>FLAG</DOMNAME>
    <HEADLEN>21</HEADLEN>
    <SCRLEN1>08</SCRLEN1>
    <SCRLEN2>11</SCRLEN2>
    <SCRLEN3>21</SCRLEN3>
    <DDTEXT>Actualizar cotización de moneda</DDTEXT>
    <REPTEXT>Actualizar Cotización</REPTEXT>
    <SCRTEXT_S>Act.Cot.</SCRTEXT_S>
    <SCRTEXT_M>Act. Cotiz.</SCRTEXT_M>
    <SCRTEXT_L>Actualizar Cotización</SCRTEXT_L>
    <DTELMASTER>S</DTELMASTER>
    <REFKIND>D</REFKIND>
   </DD04V>
  </asx:values>
 </asx:abap>
</abapGit>
