﻿<?xml version="1.0" encoding="utf-8"?>
<abapGit version="v1.0.0" serializer="LCL_OBJECT_DTEL" serializer_version="v1.0.0">
 <asx:abap xmlns:asx="http://www.sap.com/abapxml" version="1.0">
  <asx:values>
   <DD04V>
    <ROLLNAME>ZED_BCU_COD_MON</ROLLNAME>
    <DDLANGUAGE>S</DDLANGUAGE>
    <DOMNAME>ZDO_BCU_COD_MON</DOMNAME>
    <HEADLEN>13</HEADLEN>
    <SCRLEN1>04</SCRLEN1>
    <SCRLEN2>11</SCRLEN2>
    <SCRLEN3>13</SCRLEN3>
    <DDTEXT>Código de moneda BCU</DDTEXT>
    <REPTEXT>Código Moneda</REPTEXT>
    <SCRTEXT_S>Cód.</SCRTEXT_S>
    <SCRTEXT_M>Cod. Moneda</SCRTEXT_M>
    <SCRTEXT_L>Código Moneda</SCRTEXT_L>
    <DTELMASTER>S</DTELMASTER>
    <REFKIND>D</REFKIND>
   </DD04V>
  </asx:values>
 </asx:abap>
</abapGit>
