﻿<?xml version="1.0" encoding="utf-8"?>
<abapGit version="v1.0.0" serializer="LCL_OBJECT_DTEL" serializer_version="v1.0.0">
 <asx:abap xmlns:asx="http://www.sap.com/abapxml" version="1.0">
  <asx:values>
   <DD04V>
    <ROLLNAME>ZED_BCU_INTERBANC</ROLLNAME>
    <DDLANGUAGE>S</DDLANGUAGE>
    <DOMNAME>FLAG</DOMNAME>
    <HEADLEN>15</HEADLEN>
    <SCRLEN1>08</SCRLEN1>
    <SCRLEN2>10</SCRLEN2>
    <SCRLEN3>15</SCRLEN3>
    <DDTEXT>Utilizar cotización Interbancaria</DDTEXT>
    <REPTEXT>Interbancario</REPTEXT>
    <SCRTEXT_S>Int.</SCRTEXT_S>
    <SCRTEXT_M>Int.</SCRTEXT_M>
    <SCRTEXT_L>Interbnacario</SCRTEXT_L>
    <DTELMASTER>S</DTELMASTER>
    <REFKIND>D</REFKIND>
   </DD04V>
  </asx:values>
 </asx:abap>
</abapGit>
