﻿<?xml version="1.0" encoding="utf-8"?>
<abapGit version="v1.0.0" serializer="LCL_OBJECT_DTEL" serializer_version="v1.0.0">
 <asx:abap xmlns:asx="http://www.sap.com/abapxml" version="1.0">
  <asx:values>
   <DD04V>
    <ROLLNAME>ZED_BCU_NOM_MON</ROLLNAME>
    <DDLANGUAGE>S</DDLANGUAGE>
    <HEADLEN>13</HEADLEN>
    <SCRLEN1>04</SCRLEN1>
    <SCRLEN2>11</SCRLEN2>
    <SCRLEN3>13</SCRLEN3>
    <DDTEXT>Nombre de Moneda BCU</DDTEXT>
    <REPTEXT>Nombre Moneda</REPTEXT>
    <SCRTEXT_S>Nom.</SCRTEXT_S>
    <SCRTEXT_M>Nom. Moneda</SCRTEXT_M>
    <SCRTEXT_L>Nombre Moneda</SCRTEXT_L>
    <DTELMASTER>S</DTELMASTER>
    <DATATYPE>CHAR</DATATYPE>
    <LENG>000100</LENG>
    <OUTPUTLEN>000100</OUTPUTLEN>
   </DD04V>
  </asx:values>
 </asx:abap>
</abapGit>
